,symbol
0,SHSE.600000
1,SHSE.600004
2,SHSE.600006
3,SHSE.600007
4,SHSE.600008
5,SHSE.600009
6,SHSE.600010
7,SHSE.600011
8,SHSE.600012
9,SHSE.600015
10,SHSE.600016
11,SHSE.600017
12,SHSE.600018
13,SHSE.600019
14,SHSE.600020
15,SHSE.600021
16,SHSE.600022
17,SHSE.600023
18,SHSE.600025
19,SHSE.600026
20,SHSE.600027
21,SHSE.600028
22,SHSE.600029
23,SHSE.600030
24,SHSE.600031
25,SHSE.600032
26,SHSE.600033
27,SHSE.600035
28,SHSE.600036
29,SHSE.600037
30,SHSE.600038
31,SHSE.600039
32,SHSE.600048
33,SHSE.600050
34,SHSE.600051
35,SHSE.600052
36,SHSE.600053
37,SHSE.600054
38,SHSE.600055
39,SHSE.600056
40,SHSE.600057
41,SHSE.600058
42,SHSE.600059
43,SHSE.600060
44,SHSE.600061
45,SHSE.600062
46,SHSE.600063
47,SHSE.600064
48,SHSE.600066
49,SHSE.600067
50,SHSE.600070
51,SHSE.600071
52,SHSE.600072
53,SHSE.600073
54,SHSE.600075
55,SHSE.600076
56,SHSE.600077
57,SHSE.600078
58,SHSE.600079
59,SHSE.600080
60,SHSE.600081
61,SHSE.600082
62,SHSE.600083
63,SHSE.600084
64,SHSE.600085
65,SHSE.600088
66,SHSE.600089
67,SHSE.600090
68,SHSE.600091
69,SHSE.600093
70,SHSE.600094
71,SHSE.600095
72,SHSE.600096
73,SHSE.600097
74,SHSE.600098
75,SHSE.600099
76,SHSE.600100
77,SHSE.600101
78,SHSE.600103
79,SHSE.600104
80,SHSE.600105
81,SHSE.600106
82,SHSE.600107
83,SHSE.600108
84,SHSE.600109
85,SHSE.600110
86,SHSE.600111
87,SHSE.600112
88,SHSE.600113
89,SHSE.600114
90,SHSE.600115
91,SHSE.600116
92,SHSE.600117
93,SHSE.600118
94,SHSE.600119
95,SHSE.600120
96,SHSE.600121
97,SHSE.600122
98,SHSE.600123
99,SHSE.600125
100,SHSE.600126
101,SHSE.600127
102,SHSE.600128
103,SHSE.600129
104,SHSE.600130
105,SHSE.600131
106,SHSE.600132
107,SHSE.600133
108,SHSE.600135
109,SHSE.600136
110,SHSE.600137
111,SHSE.600138
112,SHSE.600139
113,SHSE.600141
114,SHSE.600143
115,SHSE.600145
116,SHSE.600146
117,SHSE.600148
118,SHSE.600149
119,SHSE.600150
120,SHSE.600151
121,SHSE.600152
122,SHSE.600153
123,SHSE.600155
124,SHSE.600156
125,SHSE.600157
126,SHSE.600158
127,SHSE.600159
128,SHSE.600160
129,SHSE.600161
130,SHSE.600162
131,SHSE.600163
132,SHSE.600165
133,SHSE.600166
134,SHSE.600167
135,SHSE.600168
136,SHSE.600169
137,SHSE.600170
138,SHSE.600171
139,SHSE.600172
140,SHSE.600173
141,SHSE.600176
142,SHSE.600177
143,SHSE.600178
144,SHSE.600179
145,SHSE.600180
146,SHSE.600182
147,SHSE.600183
148,SHSE.600184
149,SHSE.600185
150,SHSE.600186
151,SHSE.600187
152,SHSE.600188
153,SHSE.600189
154,SHSE.600190
155,SHSE.600191
156,SHSE.600192
157,SHSE.600193
158,SHSE.600195
159,SHSE.600196
160,SHSE.600197
161,SHSE.600198
162,SHSE.600199
163,SHSE.600200
164,SHSE.600201
165,SHSE.600202
166,SHSE.600203
167,SHSE.600206
168,SHSE.600207
169,SHSE.600208
170,SHSE.600209
171,SHSE.600210
172,SHSE.600211
173,SHSE.600212
174,SHSE.600213
175,SHSE.600215
176,SHSE.600216
177,SHSE.600217
178,SHSE.600218
179,SHSE.600219
180,SHSE.600220
181,SHSE.600221
182,SHSE.600222
183,SHSE.600223
184,SHSE.600225
185,SHSE.600226
186,SHSE.600227
187,SHSE.600228
188,SHSE.600229
189,SHSE.600230
190,SHSE.600231
191,SHSE.600232
192,SHSE.600233
193,SHSE.600234
194,SHSE.600235
195,SHSE.600236
196,SHSE.600237
197,SHSE.600238
198,SHSE.600239
199,SHSE.600241
200,SHSE.600242
201,SHSE.600243
202,SHSE.600246
203,SHSE.600248
204,SHSE.600249
205,SHSE.600250
206,SHSE.600251
207,SHSE.600252
208,SHSE.600255
209,SHSE.600256
210,SHSE.600257
211,SHSE.600258
212,SHSE.600259
213,SHSE.600260
214,SHSE.600261
215,SHSE.600262
216,SHSE.600265
217,SHSE.600266
218,SHSE.600267
219,SHSE.600268
220,SHSE.600269
221,SHSE.600271
222,SHSE.600272
223,SHSE.600273
224,SHSE.600275
225,SHSE.600276
226,SHSE.600277
227,SHSE.600278
228,SHSE.600279
229,SHSE.600280
230,SHSE.600281
231,SHSE.600282
232,SHSE.600283
233,SHSE.600284
234,SHSE.600285
235,SHSE.600287
236,SHSE.600288
237,SHSE.600289
238,SHSE.600290
239,SHSE.600291
240,SHSE.600292
241,SHSE.600293
242,SHSE.600295
243,SHSE.600297
244,SHSE.600298
245,SHSE.600299
246,SHSE.600300
247,SHSE.600301
248,SHSE.600302
249,SHSE.600303
250,SHSE.600305
251,SHSE.600306
252,SHSE.600307
253,SHSE.600308
254,SHSE.600309
255,SHSE.600310
256,SHSE.600311
257,SHSE.600312
258,SHSE.600313
259,SHSE.600315
260,SHSE.600316
261,SHSE.600318
262,SHSE.600319
263,SHSE.600320
264,SHSE.600321
265,SHSE.600322
266,SHSE.600323
267,SHSE.600325
268,SHSE.600326
269,SHSE.600327
270,SHSE.600328
271,SHSE.600329
272,SHSE.600330
273,SHSE.600331
274,SHSE.600332
275,SHSE.600333
276,SHSE.600335
277,SHSE.600336
278,SHSE.600337
279,SHSE.600338
280,SHSE.600339
281,SHSE.600340
282,SHSE.600343
283,SHSE.600345
284,SHSE.600346
285,SHSE.600348
286,SHSE.600350
287,SHSE.600351
288,SHSE.600352
289,SHSE.600353
290,SHSE.600354
291,SHSE.600355
292,SHSE.600356
293,SHSE.600358
294,SHSE.600359
295,SHSE.600360
296,SHSE.600361
297,SHSE.600362
298,SHSE.600363
299,SHSE.600365
300,SHSE.600366
301,SHSE.600367
302,SHSE.600368
303,SHSE.600369
304,SHSE.600370
305,SHSE.600371
306,SHSE.600372
307,SHSE.600373
308,SHSE.600375
309,SHSE.600376
310,SHSE.600377
311,SHSE.600378
312,SHSE.600379
313,SHSE.600380
314,SHSE.600381
315,SHSE.600382
316,SHSE.600383
317,SHSE.600385
318,SHSE.600386
319,SHSE.600387
320,SHSE.600388
321,SHSE.600389
322,SHSE.600390
323,SHSE.600391
324,SHSE.600392
325,SHSE.600393
326,SHSE.600395
327,SHSE.600396
328,SHSE.600397
329,SHSE.600398
330,SHSE.600399
331,SHSE.600400
332,SHSE.600403
333,SHSE.600405
334,SHSE.600406
335,SHSE.600408
336,SHSE.600409
337,SHSE.600410
338,SHSE.600415
339,SHSE.600416
340,SHSE.600418
341,SHSE.600419
342,SHSE.600420
343,SHSE.600421
344,SHSE.600422
345,SHSE.600423
346,SHSE.600425
347,SHSE.600426
348,SHSE.600428
349,SHSE.600429
350,SHSE.600433
351,SHSE.600435
352,SHSE.600436
353,SHSE.600438
354,SHSE.600439
355,SHSE.600444
356,SHSE.600446
357,SHSE.600448
358,SHSE.600449
359,SHSE.600452
360,SHSE.600455
361,SHSE.600456
362,SHSE.600458
363,SHSE.600459
364,SHSE.600460
365,SHSE.600461
366,SHSE.600462
367,SHSE.600463
368,SHSE.600466
369,SHSE.600467
370,SHSE.600468
371,SHSE.600469
372,SHSE.600470
373,SHSE.600475
374,SHSE.600476
375,SHSE.600477
376,SHSE.600478
377,SHSE.600479
378,SHSE.600480
379,SHSE.600481
380,SHSE.600482
381,SHSE.600483
382,SHSE.600486
383,SHSE.600487
384,SHSE.600488
385,SHSE.600489
386,SHSE.600490
387,SHSE.600491
388,SHSE.600493
389,SHSE.600495
390,SHSE.600496
391,SHSE.600497
392,SHSE.600498
393,SHSE.600499
394,SHSE.600500
395,SHSE.600501
396,SHSE.600502
397,SHSE.600503
398,SHSE.600505
399,SHSE.600506
400,SHSE.600507
401,SHSE.600508
402,SHSE.600509
403,SHSE.600510
404,SHSE.600511
405,SHSE.600512
406,SHSE.600513
407,SHSE.600515
408,SHSE.600516
409,SHSE.600517
410,SHSE.600518
411,SHSE.600519
412,SHSE.600520
413,SHSE.600521
414,SHSE.600522
415,SHSE.600523
416,SHSE.600525
417,SHSE.600526
418,SHSE.600527
419,SHSE.600528
420,SHSE.600529
421,SHSE.600530
422,SHSE.600531
423,SHSE.600532
424,SHSE.600533
425,SHSE.600535
426,SHSE.600536
427,SHSE.600537
428,SHSE.600538
429,SHSE.600539
430,SHSE.600540
431,SHSE.600543
432,SHSE.600545
433,SHSE.600546
434,SHSE.600547
435,SHSE.600548
436,SHSE.600549
437,SHSE.600550
438,SHSE.600551
439,SHSE.600552
440,SHSE.600555
441,SHSE.600556
442,SHSE.600557
443,SHSE.600558
444,SHSE.600559
445,SHSE.600560
446,SHSE.600561
447,SHSE.600562
448,SHSE.600563
449,SHSE.600565
450,SHSE.600566
451,SHSE.600567
452,SHSE.600568
453,SHSE.600569
454,SHSE.600570
455,SHSE.600571
456,SHSE.600572
457,SHSE.600573
458,SHSE.600575
459,SHSE.600576
460,SHSE.600577
461,SHSE.600578
462,SHSE.600579
463,SHSE.600580
464,SHSE.600581
465,SHSE.600582
466,SHSE.600583
467,SHSE.600584
468,SHSE.600585
469,SHSE.600586
470,SHSE.600587
471,SHSE.600588
472,SHSE.600589
473,SHSE.600590
474,SHSE.600592
475,SHSE.600593
476,SHSE.600594
477,SHSE.600596
478,SHSE.600597
479,SHSE.600598
480,SHSE.600599
481,SHSE.600600
482,SHSE.600601
483,SHSE.600602
484,SHSE.600603
485,SHSE.600604
486,SHSE.600605
487,SHSE.600606
488,SHSE.600608
489,SHSE.600609
490,SHSE.600610
491,SHSE.600611
492,SHSE.600612
493,SHSE.600613
494,SHSE.600615
495,SHSE.600616
496,SHSE.600617
497,SHSE.600618
498,SHSE.600619
499,SHSE.600620
500,SHSE.600621
501,SHSE.600622
502,SHSE.600623
503,SHSE.600624
504,SHSE.600626
505,SHSE.600628
506,SHSE.600629
507,SHSE.600630
508,SHSE.600633
509,SHSE.600635
510,SHSE.600636
511,SHSE.600637
512,SHSE.600638
513,SHSE.600639
514,SHSE.600640
515,SHSE.600641
516,SHSE.600642
517,SHSE.600643
518,SHSE.600644
519,SHSE.600645
520,SHSE.600647
521,SHSE.600648
522,SHSE.600649
523,SHSE.600650
524,SHSE.600651
525,SHSE.600652
526,SHSE.600653
527,SHSE.600654
528,SHSE.600655
529,SHSE.600657
530,SHSE.600658
531,SHSE.600660
532,SHSE.600661
533,SHSE.600662
534,SHSE.600663
535,SHSE.600664
536,SHSE.600665
537,SHSE.600666
538,SHSE.600667
539,SHSE.600668
540,SHSE.600671
541,SHSE.600673
542,SHSE.600674
543,SHSE.600675
544,SHSE.600676
545,SHSE.600678
546,SHSE.600679
547,SHSE.600681
548,SHSE.600682
549,SHSE.600683
550,SHSE.600684
551,SHSE.600685
552,SHSE.600686
553,SHSE.600688
554,SHSE.600689
555,SHSE.600690
556,SHSE.600691
557,SHSE.600692
558,SHSE.600693
559,SHSE.600694
560,SHSE.600695
561,SHSE.600696
562,SHSE.600697
563,SHSE.600698
564,SHSE.600699
565,SHSE.600702
566,SHSE.600703
567,SHSE.600704
568,SHSE.600705
569,SHSE.600706
570,SHSE.600707
571,SHSE.600708
572,SHSE.600710
573,SHSE.600711
574,SHSE.600712
575,SHSE.600713
576,SHSE.600714
577,SHSE.600715
578,SHSE.600716
579,SHSE.600717
580,SHSE.600718
581,SHSE.600719
582,SHSE.600720
583,SHSE.600721
584,SHSE.600722
585,SHSE.600724
586,SHSE.600725
587,SHSE.600726
588,SHSE.600727
589,SHSE.600728
590,SHSE.600729
591,SHSE.600730
592,SHSE.600731
593,SHSE.600732
594,SHSE.600733
595,SHSE.600734
596,SHSE.600735
597,SHSE.600736
598,SHSE.600737
599,SHSE.600738
600,SHSE.600739
601,SHSE.600740
602,SHSE.600741
603,SHSE.600742
604,SHSE.600743
605,SHSE.600744
606,SHSE.600745
607,SHSE.600746
608,SHSE.600748
609,SHSE.600749
610,SHSE.600750
611,SHSE.600751
612,SHSE.600753
613,SHSE.600754
614,SHSE.600755
615,SHSE.600756
616,SHSE.600757
617,SHSE.600758
618,SHSE.600759
619,SHSE.600760
620,SHSE.600761
621,SHSE.600763
622,SHSE.600764
623,SHSE.600765
624,SHSE.600766
625,SHSE.600767
626,SHSE.600768
627,SHSE.600769
628,SHSE.600770
629,SHSE.600771
630,SHSE.600773
631,SHSE.600774
632,SHSE.600775
633,SHSE.600776
634,SHSE.600777
635,SHSE.600778
636,SHSE.600779
637,SHSE.600780
638,SHSE.600781
639,SHSE.600782
640,SHSE.600783
641,SHSE.600784
642,SHSE.600785
643,SHSE.600787
644,SHSE.600789
645,SHSE.600790
646,SHSE.600791
647,SHSE.600792
648,SHSE.600793
649,SHSE.600794
650,SHSE.600795
651,SHSE.600796
652,SHSE.600797
653,SHSE.600798
654,SHSE.600800
655,SHSE.600801
656,SHSE.600802
657,SHSE.600803
658,SHSE.600804
659,SHSE.600805
660,SHSE.600807
661,SHSE.600808
662,SHSE.600809
663,SHSE.600810
664,SHSE.600811
665,SHSE.600812
666,SHSE.600814
667,SHSE.600815
668,SHSE.600816
669,SHSE.600817
670,SHSE.600818
671,SHSE.600819
672,SHSE.600820
673,SHSE.600821
674,SHSE.600822
675,SHSE.600823
676,SHSE.600824
677,SHSE.600825
678,SHSE.600826
679,SHSE.600827
680,SHSE.600828
681,SHSE.600829
682,SHSE.600830
683,SHSE.600831
684,SHSE.600833
685,SHSE.600834
686,SHSE.600835
687,SHSE.600836
688,SHSE.600837
689,SHSE.600838
690,SHSE.600839
691,SHSE.600841
692,SHSE.600843
693,SHSE.600844
694,SHSE.600845
695,SHSE.600846
696,SHSE.600848
697,SHSE.600850
698,SHSE.600851
699,SHSE.600853
700,SHSE.600854
701,SHSE.600855
702,SHSE.600856
703,SHSE.600857
704,SHSE.600858
705,SHSE.600859
706,SHSE.600860
707,SHSE.600861
708,SHSE.600862
709,SHSE.600863
710,SHSE.600864
711,SHSE.600865
712,SHSE.600866
713,SHSE.600867
714,SHSE.600868
715,SHSE.600869
716,SHSE.600870
717,SHSE.600871
718,SHSE.600872
719,SHSE.600873
720,SHSE.600874
721,SHSE.600875
722,SHSE.600876
723,SHSE.600877
724,SHSE.600879
725,SHSE.600880
726,SHSE.600881
727,SHSE.600882
728,SHSE.600883
729,SHSE.600884
730,SHSE.600885
731,SHSE.600886
732,SHSE.600887
733,SHSE.600888
734,SHSE.600889
735,SHSE.600890
736,SHSE.600892
737,SHSE.600893
738,SHSE.600894
739,SHSE.600895
740,SHSE.600896
741,SHSE.600897
742,SHSE.600898
743,SHSE.600900
744,SHSE.600901
745,SHSE.600903
746,SHSE.600905
747,SHSE.600906
748,SHSE.600908
749,SHSE.600909
750,SHSE.600916
751,SHSE.600917
752,SHSE.600918
753,SHSE.600919
754,SHSE.600926
755,SHSE.600927
756,SHSE.600928
757,SHSE.600929
758,SHSE.600933
759,SHSE.600935
760,SHSE.600936
761,SHSE.600939
762,SHSE.600941
763,SHSE.600955
764,SHSE.600956
765,SHSE.600958
766,SHSE.600959
767,SHSE.600960
768,SHSE.600961
769,SHSE.600962
770,SHSE.600963
771,SHSE.600965
772,SHSE.600966
773,SHSE.600967
774,SHSE.600968
775,SHSE.600969
776,SHSE.600970
777,SHSE.600971
778,SHSE.600973
779,SHSE.600975
780,SHSE.600976
781,SHSE.600977
782,SHSE.600979
783,SHSE.600980
784,SHSE.600981
785,SHSE.600982
786,SHSE.600983
787,SHSE.600984
788,SHSE.600985
789,SHSE.600986
790,SHSE.600987
791,SHSE.600988
792,SHSE.600989
793,SHSE.600990
794,SHSE.600992
795,SHSE.600993
796,SHSE.600995
797,SHSE.600996
798,SHSE.600997
799,SHSE.600998
800,SHSE.600999
801,SHSE.601000
802,SHSE.601001
803,SHSE.601002
804,SHSE.601003
805,SHSE.601005
806,SHSE.601006
807,SHSE.601007
808,SHSE.601008
809,SHSE.601009
810,SHSE.601010
811,SHSE.601011
812,SHSE.601012
813,SHSE.601015
814,SHSE.601016
815,SHSE.601018
816,SHSE.601019
817,SHSE.601020
818,SHSE.601021
819,SHSE.601028
820,SHSE.601038
821,SHSE.601058
822,SHSE.601066
823,SHSE.601068
824,SHSE.601069
825,SHSE.601077
826,SHSE.601086
827,SHSE.601088
828,SHSE.601098
829,SHSE.601099
830,SHSE.601100
831,SHSE.601101
832,SHSE.601106
833,SHSE.601107
834,SHSE.601108
835,SHSE.601111
836,SHSE.601113
837,SHSE.601116
838,SHSE.601117
839,SHSE.601118
840,SHSE.601126
841,SHSE.601127
842,SHSE.601128
843,SHSE.601137
844,SHSE.601138
845,SHSE.601139
846,SHSE.601155
847,SHSE.601156
848,SHSE.601158
849,SHSE.601162
850,SHSE.601163
851,SHSE.601166
852,SHSE.601168
853,SHSE.601169
854,SHSE.601177
855,SHSE.601179
856,SHSE.601186
857,SHSE.601187
858,SHSE.601188
859,SHSE.601198
860,SHSE.601199
861,SHSE.601200
862,SHSE.601208
863,SHSE.601211
864,SHSE.601212
865,SHSE.601216
866,SHSE.601218
867,SHSE.601222
868,SHSE.601225
869,SHSE.601226
870,SHSE.601228
871,SHSE.601229
872,SHSE.601231
873,SHSE.601233
874,SHSE.601236
875,SHSE.601238
876,SHSE.601258
877,SHSE.601279
878,SHSE.601288
879,SHSE.601298
880,SHSE.601311
881,SHSE.601318
882,SHSE.601319
883,SHSE.601326
884,SHSE.601328
885,SHSE.601330
886,SHSE.601333
887,SHSE.601336
888,SHSE.601339
889,SHSE.601360
890,SHSE.601366
891,SHSE.601368
892,SHSE.601369
893,SHSE.601375
894,SHSE.601377
895,SHSE.601388
896,SHSE.601390
897,SHSE.601398
898,SHSE.601399
899,SHSE.601456
900,SHSE.601500
901,SHSE.601512
902,SHSE.601515
903,SHSE.601518
904,SHSE.601519
905,SHSE.601528
906,SHSE.601555
907,SHSE.601566
908,SHSE.601567
909,SHSE.601568
910,SHSE.601577
911,SHSE.601579
912,SHSE.601588
913,SHSE.601595
914,SHSE.601598
915,SHSE.601599
916,SHSE.601600
917,SHSE.601601
918,SHSE.601606
919,SHSE.601607
920,SHSE.601608
921,SHSE.601609
922,SHSE.601611
923,SHSE.601615
924,SHSE.601616
925,SHSE.601618
926,SHSE.601619
927,SHSE.601628
928,SHSE.601633
929,SHSE.601636
930,SHSE.601658
931,SHSE.601665
932,SHSE.601666
933,SHSE.601668
934,SHSE.601669
935,SHSE.601677
936,SHSE.601678
937,SHSE.601686
938,SHSE.601688
939,SHSE.601689
940,SHSE.601696
941,SHSE.601698
942,SHSE.601699
943,SHSE.601700
944,SHSE.601702
945,SHSE.601717
946,SHSE.601718
947,SHSE.601727
948,SHSE.601728
949,SHSE.601766
950,SHSE.601777
951,SHSE.601778
952,SHSE.601788
953,SHSE.601789
954,SHSE.601798
955,SHSE.601799
956,SHSE.601800
957,SHSE.601801
958,SHSE.601808
959,SHSE.601811
960,SHSE.601816
961,SHSE.601818
962,SHSE.601825
963,SHSE.601827
964,SHSE.601828
965,SHSE.601838
966,SHSE.601857
967,SHSE.601858
968,SHSE.601860
969,SHSE.601865
970,SHSE.601866
971,SHSE.601868
972,SHSE.601869
973,SHSE.601872
974,SHSE.601877
975,SHSE.601878
976,SHSE.601880
977,SHSE.601881
978,SHSE.601882
979,SHSE.601886
980,SHSE.601888
981,SHSE.601890
982,SHSE.601898
983,SHSE.601899
984,SHSE.601900
985,SHSE.601901
986,SHSE.601908
987,SHSE.601916
988,SHSE.601918
989,SHSE.601919
990,SHSE.601921
991,SHSE.601928
992,SHSE.601929
993,SHSE.601933
994,SHSE.601939
995,SHSE.601949
996,SHSE.601952
997,SHSE.601956
998,SHSE.601958
999,SHSE.601963
1000,SHSE.601965
1001,SHSE.601966
1002,SHSE.601968
1003,SHSE.601969
1004,SHSE.601975
1005,SHSE.601985
1006,SHSE.601988
1007,SHSE.601989
1008,SHSE.601990
1009,SHSE.601991
1010,SHSE.601992
1011,SHSE.601995
1012,SHSE.601996
1013,SHSE.601997
1014,SHSE.601998
1015,SHSE.601999
1016,SHSE.603000
1017,SHSE.603001
1018,SHSE.603002
1019,SHSE.603003
1020,SHSE.603005
1021,SHSE.603006
1022,SHSE.603007
1023,SHSE.603008
1024,SHSE.603009
1025,SHSE.603010
1026,SHSE.603011
1027,SHSE.603012
1028,SHSE.603013
1029,SHSE.603015
1030,SHSE.603016
1031,SHSE.603017
1032,SHSE.603018
1033,SHSE.603019
1034,SHSE.603020
1035,SHSE.603021
1036,SHSE.603022
1037,SHSE.603023
1038,SHSE.603025
1039,SHSE.603026
1040,SHSE.603027
1041,SHSE.603028
1042,SHSE.603029
1043,SHSE.603030
1044,SHSE.603031
1045,SHSE.603032
1046,SHSE.603033
1047,SHSE.603035
1048,SHSE.603036
1049,SHSE.603037
1050,SHSE.603038
1051,SHSE.603039
1052,SHSE.603040
1053,SHSE.603041
1054,SHSE.603042
1055,SHSE.603043
1056,SHSE.603045
1057,SHSE.603048
1058,SHSE.603050
1059,SHSE.603053
1060,SHSE.603055
1061,SHSE.603056
1062,SHSE.603058
1063,SHSE.603059
1064,SHSE.603060
1065,SHSE.603063
1066,SHSE.603066
1067,SHSE.603067
1068,SHSE.603068
1069,SHSE.603069
1070,SHSE.603071
1071,SHSE.603076
1072,SHSE.603077
1073,SHSE.603078
1074,SHSE.603079
1075,SHSE.603080
1076,SHSE.603081
1077,SHSE.603083
1078,SHSE.603085
1079,SHSE.603086
1080,SHSE.603087
1081,SHSE.603088
1082,SHSE.603089
1083,SHSE.603090
1084,SHSE.603093
1085,SHSE.603095
1086,SHSE.603096
1087,SHSE.603098
1088,SHSE.603099
1089,SHSE.603100
1090,SHSE.603101
1091,SHSE.603103
1092,SHSE.603105
1093,SHSE.603106
1094,SHSE.603108
1095,SHSE.603109
1096,SHSE.603110
1097,SHSE.603111
1098,SHSE.603112
1099,SHSE.603113
1100,SHSE.603115
1101,SHSE.603116
1102,SHSE.603117
1103,SHSE.603118
1104,SHSE.603121
1105,SHSE.603123
1106,SHSE.603126
1107,SHSE.603127
1108,SHSE.603128
1109,SHSE.603129
1110,SHSE.603131
1111,SHSE.603133
1112,SHSE.603136
1113,SHSE.603138
1114,SHSE.603139
1115,SHSE.603155
1116,SHSE.603156
1117,SHSE.603157
1118,SHSE.603158
1119,SHSE.603159
1120,SHSE.603160
1121,SHSE.603161
1122,SHSE.603165
1123,SHSE.603166
1124,SHSE.603167
1125,SHSE.603168
1126,SHSE.603169
1127,SHSE.603171
1128,SHSE.603176
1129,SHSE.603177
1130,SHSE.603178
1131,SHSE.603179
1132,SHSE.603180
1133,SHSE.603181
1134,SHSE.603183
1135,SHSE.603185
1136,SHSE.603186
1137,SHSE.603187
1138,SHSE.603188
1139,SHSE.603189
1140,SHSE.603192
1141,SHSE.603195
1142,SHSE.603196
1143,SHSE.603197
1144,SHSE.603198
1145,SHSE.603199
1146,SHSE.603200
1147,SHSE.603203
1148,SHSE.603208
1149,SHSE.603212
1150,SHSE.603213
1151,SHSE.603214
1152,SHSE.603216
1153,SHSE.603217
1154,SHSE.603218
1155,SHSE.603219
1156,SHSE.603220
1157,SHSE.603221
1158,SHSE.603222
1159,SHSE.603223
1160,SHSE.603225
1161,SHSE.603226
1162,SHSE.603228
1163,SHSE.603229
1164,SHSE.603230
1165,SHSE.603232
1166,SHSE.603233
1167,SHSE.603236
1168,SHSE.603238
1169,SHSE.603239
1170,SHSE.603256
1171,SHSE.603258
1172,SHSE.603259
1173,SHSE.603260
1174,SHSE.603266
1175,SHSE.603267
1176,SHSE.603268
1177,SHSE.603269
1178,SHSE.603277
1179,SHSE.603278
1180,SHSE.603279
1181,SHSE.603283
1182,SHSE.603286
1183,SHSE.603288
1184,SHSE.603289
1185,SHSE.603290
1186,SHSE.603297
1187,SHSE.603298
1188,SHSE.603299
1189,SHSE.603300
1190,SHSE.603301
1191,SHSE.603303
1192,SHSE.603305
1193,SHSE.603306
1194,SHSE.603308
1195,SHSE.603309
1196,SHSE.603311
1197,SHSE.603313
1198,SHSE.603315
1199,SHSE.603316
1200,SHSE.603317
1201,SHSE.603318
1202,SHSE.603319
1203,SHSE.603320
1204,SHSE.603321
1205,SHSE.603322
1206,SHSE.603323
1207,SHSE.603324
1208,SHSE.603326
1209,SHSE.603327
1210,SHSE.603328
1211,SHSE.603329
1212,SHSE.603330
1213,SHSE.603331
1214,SHSE.603332
1215,SHSE.603333
1216,SHSE.603335
1217,SHSE.603336
1218,SHSE.603337
1219,SHSE.603338
1220,SHSE.603339
1221,SHSE.603345
1222,SHSE.603348
1223,SHSE.603351
1224,SHSE.603353
1225,SHSE.603355
1226,SHSE.603356
1227,SHSE.603357
1228,SHSE.603358
1229,SHSE.603359
1230,SHSE.603360
1231,SHSE.603363
1232,SHSE.603365
1233,SHSE.603366
1234,SHSE.603367
1235,SHSE.603368
1236,SHSE.603369
1237,SHSE.603377
1238,SHSE.603378
1239,SHSE.603379
1240,SHSE.603380
1241,SHSE.603383
1242,SHSE.603385
1243,SHSE.603386
1244,SHSE.603387
1245,SHSE.603388
1246,SHSE.603389
1247,SHSE.603390
1248,SHSE.603392
1249,SHSE.603393
1250,SHSE.603396
1251,SHSE.603398
1252,SHSE.603399
1253,SHSE.603408
1254,SHSE.603416
1255,SHSE.603421
1256,SHSE.603429
1257,SHSE.603439
1258,SHSE.603444
1259,SHSE.603456
1260,SHSE.603458
1261,SHSE.603466
1262,SHSE.603477
1263,SHSE.603486
1264,SHSE.603488
1265,SHSE.603489
1266,SHSE.603496
1267,SHSE.603499
1268,SHSE.603500
1269,SHSE.603501
1270,SHSE.603505
1271,SHSE.603506
1272,SHSE.603507
1273,SHSE.603508
1274,SHSE.603511
1275,SHSE.603515
1276,SHSE.603516
1277,SHSE.603517
1278,SHSE.603518
1279,SHSE.603519
1280,SHSE.603520
1281,SHSE.603527
1282,SHSE.603528
1283,SHSE.603529
1284,SHSE.603530
1285,SHSE.603533
1286,SHSE.603535
1287,SHSE.603536
1288,SHSE.603538
1289,SHSE.603551
1290,SHSE.603555
1291,SHSE.603556
1292,SHSE.603557
1293,SHSE.603558
1294,SHSE.603559
1295,SHSE.603565
1296,SHSE.603566
1297,SHSE.603567
1298,SHSE.603568
1299,SHSE.603569
1300,SHSE.603577
1301,SHSE.603578
1302,SHSE.603579
1303,SHSE.603580
1304,SHSE.603583
1305,SHSE.603585
1306,SHSE.603586
1307,SHSE.603587
1308,SHSE.603588
1309,SHSE.603589
1310,SHSE.603590
1311,SHSE.603595
1312,SHSE.603596
1313,SHSE.603598
1314,SHSE.603599
1315,SHSE.603600
1316,SHSE.603601
1317,SHSE.603602
1318,SHSE.603603
1319,SHSE.603605
1320,SHSE.603606
1321,SHSE.603607
1322,SHSE.603608
1323,SHSE.603609
1324,SHSE.603610
1325,SHSE.603611
1326,SHSE.603612
1327,SHSE.603613
1328,SHSE.603615
1329,SHSE.603616
1330,SHSE.603617
1331,SHSE.603618
1332,SHSE.603619
1333,SHSE.603626
1334,SHSE.603628
1335,SHSE.603629
1336,SHSE.603630
1337,SHSE.603633
1338,SHSE.603636
1339,SHSE.603637
1340,SHSE.603638
1341,SHSE.603639
1342,SHSE.603648
1343,SHSE.603650
1344,SHSE.603655
1345,SHSE.603656
1346,SHSE.603657
1347,SHSE.603658
1348,SHSE.603659
1349,SHSE.603660
1350,SHSE.603661
1351,SHSE.603662
1352,SHSE.603663
1353,SHSE.603665
1354,SHSE.603666
1355,SHSE.603667
1356,SHSE.603668
1357,SHSE.603669
1358,SHSE.603676
1359,SHSE.603677
1360,SHSE.603678
1361,SHSE.603679
1362,SHSE.603680
1363,SHSE.603681
1364,SHSE.603682
1365,SHSE.603683
1366,SHSE.603685
1367,SHSE.603686
1368,SHSE.603687
1369,SHSE.603688
1370,SHSE.603689
1371,SHSE.603690
1372,SHSE.603693
1373,SHSE.603696
1374,SHSE.603697
1375,SHSE.603698
1376,SHSE.603699
1377,SHSE.603700
1378,SHSE.603701
1379,SHSE.603703
1380,SHSE.603706
1381,SHSE.603707
1382,SHSE.603708
1383,SHSE.603709
1384,SHSE.603711
1385,SHSE.603712
1386,SHSE.603713
1387,SHSE.603716
1388,SHSE.603717
1389,SHSE.603718
1390,SHSE.603719
1391,SHSE.603721
1392,SHSE.603722
1393,SHSE.603725
1394,SHSE.603726
1395,SHSE.603727
1396,SHSE.603728
1397,SHSE.603729
1398,SHSE.603730
1399,SHSE.603733
1400,SHSE.603737
1401,SHSE.603738
1402,SHSE.603739
1403,SHSE.603755
1404,SHSE.603757
1405,SHSE.603758
1406,SHSE.603759
1407,SHSE.603766
1408,SHSE.603767
1409,SHSE.603768
1410,SHSE.603773
1411,SHSE.603776
1412,SHSE.603777
1413,SHSE.603778
1414,SHSE.603779
1415,SHSE.603786
1416,SHSE.603787
1417,SHSE.603788
1418,SHSE.603789
1419,SHSE.603790
1420,SHSE.603797
1421,SHSE.603798
1422,SHSE.603799
1423,SHSE.603800
1424,SHSE.603801
1425,SHSE.603803
1426,SHSE.603806
1427,SHSE.603808
1428,SHSE.603809
1429,SHSE.603810
1430,SHSE.603811
1431,SHSE.603813
1432,SHSE.603815
1433,SHSE.603816
1434,SHSE.603817
1435,SHSE.603818
1436,SHSE.603819
1437,SHSE.603822
1438,SHSE.603823
1439,SHSE.603825
1440,SHSE.603826
1441,SHSE.603828
1442,SHSE.603829
1443,SHSE.603833
1444,SHSE.603836
1445,SHSE.603838
1446,SHSE.603839
1447,SHSE.603843
1448,SHSE.603848
1449,SHSE.603855
1450,SHSE.603856
1451,SHSE.603858
1452,SHSE.603859
1453,SHSE.603860
1454,SHSE.603861
1455,SHSE.603863
1456,SHSE.603866
1457,SHSE.603867
1458,SHSE.603868
1459,SHSE.603869
1460,SHSE.603871
1461,SHSE.603876
1462,SHSE.603877
1463,SHSE.603878
1464,SHSE.603879
1465,SHSE.603880
1466,SHSE.603881
1467,SHSE.603882
1468,SHSE.603883
1469,SHSE.603885
1470,SHSE.603886
1471,SHSE.603887
1472,SHSE.603888
1473,SHSE.603889
1474,SHSE.603890
1475,SHSE.603893
1476,SHSE.603895
1477,SHSE.603896
1478,SHSE.603897
1479,SHSE.603898
1480,SHSE.603899
1481,SHSE.603900
1482,SHSE.603901
1483,SHSE.603903
1484,SHSE.603906
1485,SHSE.603908
1486,SHSE.603909
1487,SHSE.603912
1488,SHSE.603915
1489,SHSE.603916
1490,SHSE.603917
1491,SHSE.603918
1492,SHSE.603919
1493,SHSE.603920
1494,SHSE.603922
1495,SHSE.603926
1496,SHSE.603927
1497,SHSE.603928
1498,SHSE.603929
1499,SHSE.603931
1500,SHSE.603933
1501,SHSE.603936
1502,SHSE.603937
1503,SHSE.603938
1504,SHSE.603939
1505,SHSE.603948
1506,SHSE.603949
1507,SHSE.603950
1508,SHSE.603955
1509,SHSE.603956
1510,SHSE.603958
1511,SHSE.603959
1512,SHSE.603960
1513,SHSE.603963
1514,SHSE.603966
1515,SHSE.603967
1516,SHSE.603968
1517,SHSE.603969
1518,SHSE.603970
1519,SHSE.603976
1520,SHSE.603977
1521,SHSE.603978
1522,SHSE.603979
1523,SHSE.603980
1524,SHSE.603982
1525,SHSE.603983
1526,SHSE.603985
1527,SHSE.603986
1528,SHSE.603987
1529,SHSE.603988
1530,SHSE.603989
1531,SHSE.603991
1532,SHSE.603992
1533,SHSE.603993
1534,SHSE.603995
1535,SHSE.603996
1536,SHSE.603997
1537,SHSE.603998
1538,SHSE.603999
1539,SHSE.605001
1540,SHSE.605003
1541,SHSE.605005
1542,SHSE.605006
1543,SHSE.605007
1544,SHSE.605008
1545,SHSE.605009
1546,SHSE.605011
1547,SHSE.605016
1548,SHSE.605018
1549,SHSE.605020
1550,SHSE.605028
1551,SHSE.605033
1552,SHSE.605050
1553,SHSE.605055
1554,SHSE.605056
1555,SHSE.605058
1556,SHSE.605060
1557,SHSE.605066
1558,SHSE.605068
1559,SHSE.605069
1560,SHSE.605077
1561,SHSE.605080
1562,SHSE.605081
1563,SHSE.605086
1564,SHSE.605088
1565,SHSE.605089
1566,SHSE.605098
1567,SHSE.605099
1568,SHSE.605100
1569,SHSE.605108
1570,SHSE.605111
1571,SHSE.605116
1572,SHSE.605117
1573,SHSE.605118
1574,SHSE.605122
1575,SHSE.605123
1576,SHSE.605128
1577,SHSE.605133
1578,SHSE.605136
1579,SHSE.605138
1580,SHSE.605151
1581,SHSE.605155
1582,SHSE.605158
1583,SHSE.605162
1584,SHSE.605166
1585,SHSE.605167
1586,SHSE.605168
1587,SHSE.605169
1588,SHSE.605177
1589,SHSE.605178
1590,SHSE.605179
1591,SHSE.605180
1592,SHSE.605183
1593,SHSE.605186
1594,SHSE.605188
1595,SHSE.605189
1596,SHSE.605196
1597,SHSE.605198
1598,SHSE.605199
1599,SHSE.605208
1600,SHSE.605218
1601,SHSE.605222
1602,SHSE.605228
1603,SHSE.605255
1604,SHSE.605258
1605,SHSE.605259
1606,SHSE.605266
1607,SHSE.605268
1608,SHSE.605277
1609,SHSE.605286
1610,SHSE.605287
1611,SHSE.605288
1612,SHSE.605289
1613,SHSE.605296
1614,SHSE.605298
1615,SHSE.605299
1616,SHSE.605300
1617,SHSE.605303
1618,SHSE.605305
1619,SHSE.605318
1620,SHSE.605319
1621,SHSE.605333
1622,SHSE.605336
1623,SHSE.605337
1624,SHSE.605338
1625,SHSE.605339
1626,SHSE.605358
1627,SHSE.605365
1628,SHSE.605366
1629,SHSE.605368
1630,SHSE.605369
1631,SHSE.605376
1632,SHSE.605377
1633,SHSE.605378
1634,SHSE.605388
1635,SHSE.605389
1636,SHSE.605398
1637,SHSE.605399
1638,SHSE.605488
1639,SHSE.605499
1640,SHSE.605500
1641,SHSE.605507
1642,SHSE.605555
1643,SHSE.605566
1644,SHSE.605567
1645,SHSE.605577
1646,SHSE.605580
1647,SHSE.605588
1648,SHSE.605589
1649,SHSE.605598
1650,SHSE.605599
1651,SHSE.688001
1652,SHSE.688002
1653,SHSE.688003
1654,SHSE.688004
1655,SHSE.688005
1656,SHSE.688006
1657,SHSE.688007
1658,SHSE.688008
1659,SHSE.688009
1660,SHSE.688010
1661,SHSE.688011
1662,SHSE.688012
1663,SHSE.688013
1664,SHSE.688015
1665,SHSE.688016
1666,SHSE.688017
1667,SHSE.688018
1668,SHSE.688019
1669,SHSE.688020
1670,SHSE.688021
1671,SHSE.688022
1672,SHSE.688023
1673,SHSE.688025
1674,SHSE.688026
1675,SHSE.688027
1676,SHSE.688028
1677,SHSE.688029
1678,SHSE.688030
1679,SHSE.688032
1680,SHSE.688033
1681,SHSE.688036
1682,SHSE.688037
1683,SHSE.688038
1684,SHSE.688039
1685,SHSE.688049
1686,SHSE.688050
1687,SHSE.688051
1688,SHSE.688055
1689,SHSE.688056
1690,SHSE.688057
1691,SHSE.688058
1692,SHSE.688059
1693,SHSE.688060
1694,SHSE.688063
1695,SHSE.688065
1696,SHSE.688066
1697,SHSE.688067
1698,SHSE.688068
1699,SHSE.688069
1700,SHSE.688070
1701,SHSE.688071
1702,SHSE.688075
1703,SHSE.688076
1704,SHSE.688077
1705,SHSE.688078
1706,SHSE.688079
1707,SHSE.688080
1708,SHSE.688081
1709,SHSE.688082
1710,SHSE.688083
1711,SHSE.688085
1712,SHSE.688086
1713,SHSE.688087
1714,SHSE.688088
1715,SHSE.688089
1716,SHSE.688090
1717,SHSE.688091
1718,SHSE.688092
1719,SHSE.688093
1720,SHSE.688095
1721,SHSE.688096
1722,SHSE.688097
1723,SHSE.688098
1724,SHSE.688099
1725,SHSE.688100
1726,SHSE.688101
1727,SHSE.688103
1728,SHSE.688105
1729,SHSE.688106
1730,SHSE.688107
1731,SHSE.688108
1732,SHSE.688109
1733,SHSE.688110
1734,SHSE.688111
1735,SHSE.688112
1736,SHSE.688113
1737,SHSE.688116
1738,SHSE.688117
1739,SHSE.688118
1740,SHSE.688121
1741,SHSE.688122
1742,SHSE.688123
1743,SHSE.688126
1744,SHSE.688127
1745,SHSE.688128
1746,SHSE.688129
1747,SHSE.688131
1748,SHSE.688133
1749,SHSE.688135
1750,SHSE.688136
1751,SHSE.688138
1752,SHSE.688139
1753,SHSE.688148
1754,SHSE.688151
1755,SHSE.688155
1756,SHSE.688156
1757,SHSE.688157
1758,SHSE.688158
1759,SHSE.688159
1760,SHSE.688160
1761,SHSE.688161
1762,SHSE.688162
1763,SHSE.688165
1764,SHSE.688166
1765,SHSE.688167
1766,SHSE.688168
1767,SHSE.688169
1768,SHSE.688176
1769,SHSE.688177
1770,SHSE.688178
1771,SHSE.688179
1772,SHSE.688180
1773,SHSE.688181
1774,SHSE.688182
1775,SHSE.688183
1776,SHSE.688185
1777,SHSE.688186
1778,SHSE.688187
1779,SHSE.688188
1780,SHSE.688189
1781,SHSE.688190
1782,SHSE.688191
1783,SHSE.688192
1784,SHSE.688195
1785,SHSE.688196
1786,SHSE.688198
1787,SHSE.688199
1788,SHSE.688200
1789,SHSE.688201
1790,SHSE.688202
1791,SHSE.688206
1792,SHSE.688208
1793,SHSE.688210
1794,SHSE.688211
1795,SHSE.688212
1796,SHSE.688215
1797,SHSE.688216
1798,SHSE.688217
1799,SHSE.688218
1800,SHSE.688219
1801,SHSE.688221
1802,SHSE.688222
1803,SHSE.688226
1804,SHSE.688227
1805,SHSE.688228
1806,SHSE.688229
1807,SHSE.688230
1808,SHSE.688232
1809,SHSE.688233
1810,SHSE.688234
1811,SHSE.688235
1812,SHSE.688236
1813,SHSE.688239
1814,SHSE.688246
1815,SHSE.688248
1816,SHSE.688255
1817,SHSE.688256
1818,SHSE.688257
1819,SHSE.688258
1820,SHSE.688259
1821,SHSE.688260
1822,SHSE.688262
1823,SHSE.688265
1824,SHSE.688266
1825,SHSE.688268
1826,SHSE.688269
1827,SHSE.688272
1828,SHSE.688276
1829,SHSE.688277
1830,SHSE.688278
1831,SHSE.688280
1832,SHSE.688285
1833,SHSE.688286
1834,SHSE.688288
1835,SHSE.688289
1836,SHSE.688296
1837,SHSE.688298
1838,SHSE.688299
1839,SHSE.688300
1840,SHSE.688301
1841,SHSE.688303
1842,SHSE.688305
1843,SHSE.688308
1844,SHSE.688309
1845,SHSE.688310
1846,SHSE.688311
1847,SHSE.688312
1848,SHSE.688313
1849,SHSE.688314
1850,SHSE.688315
1851,SHSE.688316
1852,SHSE.688317
1853,SHSE.688318
1854,SHSE.688319
1855,SHSE.688321
1856,SHSE.688323
1857,SHSE.688328
1858,SHSE.688329
1859,SHSE.688330
1860,SHSE.688333
1861,SHSE.688335
1862,SHSE.688336
1863,SHSE.688338
1864,SHSE.688339
1865,SHSE.688345
1866,SHSE.688350
1867,SHSE.688355
1868,SHSE.688356
1869,SHSE.688357
1870,SHSE.688358
1871,SHSE.688359
1872,SHSE.688360
1873,SHSE.688363
1874,SHSE.688365
1875,SHSE.688366
1876,SHSE.688367
1877,SHSE.688368
1878,SHSE.688369
1879,SHSE.688377
1880,SHSE.688378
1881,SHSE.688379
1882,SHSE.688383
1883,SHSE.688385
1884,SHSE.688386
1885,SHSE.688388
1886,SHSE.688389
1887,SHSE.688390
1888,SHSE.688393
1889,SHSE.688395
1890,SHSE.688396
1891,SHSE.688398
1892,SHSE.688399
1893,SHSE.688408
1894,SHSE.688418
1895,SHSE.688425
1896,SHSE.688456
1897,SHSE.688466
1898,SHSE.688468
1899,SHSE.688488
1900,SHSE.688499
1901,SHSE.688500
1902,SHSE.688501
1903,SHSE.688505
1904,SHSE.688508
1905,SHSE.688509
1906,SHSE.688510
1907,SHSE.688511
1908,SHSE.688513
1909,SHSE.688516
1910,SHSE.688517
1911,SHSE.688518
1912,SHSE.688519
1913,SHSE.688520
1914,SHSE.688521
1915,SHSE.688526
1916,SHSE.688528
1917,SHSE.688529
1918,SHSE.688533
1919,SHSE.688536
1920,SHSE.688538
1921,SHSE.688550
1922,SHSE.688551
1923,SHSE.688553
1924,SHSE.688555
1925,SHSE.688556
1926,SHSE.688557
1927,SHSE.688558
1928,SHSE.688559
1929,SHSE.688560
1930,SHSE.688561
1931,SHSE.688565
1932,SHSE.688566
1933,SHSE.688567
1934,SHSE.688568
1935,SHSE.688569
1936,SHSE.688571
1937,SHSE.688575
1938,SHSE.688577
1939,SHSE.688578
1940,SHSE.688579
1941,SHSE.688580
1942,SHSE.688585
1943,SHSE.688586
1944,SHSE.688588
1945,SHSE.688589
1946,SHSE.688590
1947,SHSE.688595
1948,SHSE.688596
1949,SHSE.688597
1950,SHSE.688598
1951,SHSE.688599
1952,SHSE.688600
1953,SHSE.688601
1954,SHSE.688606
1955,SHSE.688607
1956,SHSE.688608
1957,SHSE.688609
1958,SHSE.688611
1959,SHSE.688613
1960,SHSE.688616
1961,SHSE.688617
1962,SHSE.688618
1963,SHSE.688619
1964,SHSE.688621
1965,SHSE.688622
1966,SHSE.688625
1967,SHSE.688626
1968,SHSE.688628
1969,SHSE.688630
1970,SHSE.688633
1971,SHSE.688636
1972,SHSE.688639
1973,SHSE.688655
1974,SHSE.688656
1975,SHSE.688658
1976,SHSE.688659
1977,SHSE.688660
1978,SHSE.688661
1979,SHSE.688662
1980,SHSE.688663
1981,SHSE.688665
1982,SHSE.688667
1983,SHSE.688668
1984,SHSE.688669
1985,SHSE.688670
1986,SHSE.688676
1987,SHSE.688677
1988,SHSE.688678
1989,SHSE.688679
1990,SHSE.688680
1991,SHSE.688681
1992,SHSE.688682
1993,SHSE.688683
1994,SHSE.688685
1995,SHSE.688686
1996,SHSE.688687
1997,SHSE.688689
1998,SHSE.688690
1999,SHSE.688696
2000,SHSE.688697
2001,SHSE.688698
2002,SHSE.688699
2003,SHSE.688700
2004,SHSE.688701
2005,SHSE.688707
2006,SHSE.688711
2007,SHSE.688718
2008,SHSE.688722
2009,SHSE.688728
2010,SHSE.688733
2011,SHSE.688737
2012,SHSE.688739
2013,SHSE.688766
2014,SHSE.688767
2015,SHSE.688768
2016,SHSE.688772
2017,SHSE.688776
2018,SHSE.688777
2019,SHSE.688778
2020,SHSE.688779
2021,SHSE.688786
2022,SHSE.688787
2023,SHSE.688788
2024,SHSE.688789
2025,SHSE.688793
2026,SHSE.688798
2027,SHSE.688799
2028,SHSE.688800
2029,SHSE.688819
2030,SHSE.688981
2031,SHSE.689009
2032,SZSE.000001
2033,SZSE.000002
2034,SZSE.000004
2035,SZSE.000005
2036,SZSE.000006
2037,SZSE.000007
2038,SZSE.000008
2039,SZSE.000009
2040,SZSE.000010
2041,SZSE.000011
2042,SZSE.000012
2043,SZSE.000014
2044,SZSE.000016
2045,SZSE.000017
2046,SZSE.000019
2047,SZSE.000020
2048,SZSE.000021
2049,SZSE.000023
2050,SZSE.000025
2051,SZSE.000026
2052,SZSE.000027
2053,SZSE.000028
2054,SZSE.000029
2055,SZSE.000030
2056,SZSE.000031
2057,SZSE.000032
2058,SZSE.000034
2059,SZSE.000035
2060,SZSE.000036
2061,SZSE.000037
2062,SZSE.000038
2063,SZSE.000039
2064,SZSE.000040
2065,SZSE.000042
2066,SZSE.000045
2067,SZSE.000046
2068,SZSE.000048
2069,SZSE.000049
2070,SZSE.000050
2071,SZSE.000055
2072,SZSE.000056
2073,SZSE.000058
2074,SZSE.000059
2075,SZSE.000060
2076,SZSE.000061
2077,SZSE.000062
2078,SZSE.000063
2079,SZSE.000065
2080,SZSE.000066
2081,SZSE.000068
2082,SZSE.000069
2083,SZSE.000070
2084,SZSE.000078
2085,SZSE.000088
2086,SZSE.000089
2087,SZSE.000090
2088,SZSE.000096
2089,SZSE.000099
2090,SZSE.000100
2091,SZSE.000150
2092,SZSE.000151
2093,SZSE.000153
2094,SZSE.000155
2095,SZSE.000156
2096,SZSE.000157
2097,SZSE.000158
2098,SZSE.000159
2099,SZSE.000166
2100,SZSE.000301
2101,SZSE.000333
2102,SZSE.000338
2103,SZSE.000400
2104,SZSE.000401
2105,SZSE.000402
2106,SZSE.000403
2107,SZSE.000404
2108,SZSE.000407
2109,SZSE.000408
2110,SZSE.000409
2111,SZSE.000410
2112,SZSE.000411
2113,SZSE.000413
2114,SZSE.000415
2115,SZSE.000416
2116,SZSE.000417
2117,SZSE.000419
2118,SZSE.000420
2119,SZSE.000421
2120,SZSE.000422
2121,SZSE.000423
2122,SZSE.000425
2123,SZSE.000426
2124,SZSE.000428
2125,SZSE.000429
2126,SZSE.000430
2127,SZSE.000488
2128,SZSE.000498
2129,SZSE.000501
2130,SZSE.000502
2131,SZSE.000503
2132,SZSE.000504
2133,SZSE.000505
2134,SZSE.000506
2135,SZSE.000507
2136,SZSE.000509
2137,SZSE.000510
2138,SZSE.000513
2139,SZSE.000514
2140,SZSE.000516
2141,SZSE.000517
2142,SZSE.000518
2143,SZSE.000519
2144,SZSE.000520
2145,SZSE.000521
2146,SZSE.000523
2147,SZSE.000524
2148,SZSE.000525
2149,SZSE.000526
2150,SZSE.000528
2151,SZSE.000529
2152,SZSE.000530
2153,SZSE.000531
2154,SZSE.000532
2155,SZSE.000533
2156,SZSE.000534
2157,SZSE.000536
2158,SZSE.000537
2159,SZSE.000538
2160,SZSE.000539
2161,SZSE.000540
2162,SZSE.000541
2163,SZSE.000543
2164,SZSE.000544
2165,SZSE.000545
2166,SZSE.000546
2167,SZSE.000547
2168,SZSE.000548
2169,SZSE.000550
2170,SZSE.000551
2171,SZSE.000552
2172,SZSE.000553
2173,SZSE.000554
2174,SZSE.000555
2175,SZSE.000557
2176,SZSE.000558
2177,SZSE.000559
2178,SZSE.000560
2179,SZSE.000561
2180,SZSE.000563
2181,SZSE.000564
2182,SZSE.000565
2183,SZSE.000566
2184,SZSE.000567
2185,SZSE.000568
2186,SZSE.000570
2187,SZSE.000571
2188,SZSE.000572
2189,SZSE.000573
2190,SZSE.000576
2191,SZSE.000581
2192,SZSE.000582
2193,SZSE.000584
2194,SZSE.000585
2195,SZSE.000586
2196,SZSE.000587
2197,SZSE.000589
2198,SZSE.000590
2199,SZSE.000591
2200,SZSE.000592
2201,SZSE.000593
2202,SZSE.000595
2203,SZSE.000596
2204,SZSE.000597
2205,SZSE.000598
2206,SZSE.000599
2207,SZSE.000600
2208,SZSE.000601
2209,SZSE.000603
2210,SZSE.000605
2211,SZSE.000606
2212,SZSE.000607
2213,SZSE.000608
2214,SZSE.000609
2215,SZSE.000610
2216,SZSE.000611
2217,SZSE.000612
2218,SZSE.000613
2219,SZSE.000615
2220,SZSE.000616
2221,SZSE.000617
2222,SZSE.000619
2223,SZSE.000620
2224,SZSE.000622
2225,SZSE.000623
2226,SZSE.000625
2227,SZSE.000626
2228,SZSE.000627
2229,SZSE.000628
2230,SZSE.000629
2231,SZSE.000630
2232,SZSE.000631
2233,SZSE.000632
2234,SZSE.000633
2235,SZSE.000635
2236,SZSE.000636
2237,SZSE.000637
2238,SZSE.000638
2239,SZSE.000639
2240,SZSE.000650
2241,SZSE.000651
2242,SZSE.000652
2243,SZSE.000655
2244,SZSE.000656
2245,SZSE.000657
2246,SZSE.000659
2247,SZSE.000661
2248,SZSE.000663
2249,SZSE.000665
2250,SZSE.000666
2251,SZSE.000667
2252,SZSE.000668
2253,SZSE.000669
2254,SZSE.000671
2255,SZSE.000672
2256,SZSE.000673
2257,SZSE.000676
2258,SZSE.000677
2259,SZSE.000678
2260,SZSE.000679
2261,SZSE.000680
2262,SZSE.000681
2263,SZSE.000682
2264,SZSE.000683
2265,SZSE.000685
2266,SZSE.000686
2267,SZSE.000687
2268,SZSE.000688
2269,SZSE.000690
2270,SZSE.000691
2271,SZSE.000692
2272,SZSE.000695
2273,SZSE.000697
2274,SZSE.000698
2275,SZSE.000700
2276,SZSE.000701
2277,SZSE.000702
2278,SZSE.000703
2279,SZSE.000705
2280,SZSE.000707
2281,SZSE.000708
2282,SZSE.000709
2283,SZSE.000710
2284,SZSE.000711
2285,SZSE.000712
2286,SZSE.000713
2287,SZSE.000715
2288,SZSE.000716
2289,SZSE.000717
2290,SZSE.000718
2291,SZSE.000719
2292,SZSE.000720
2293,SZSE.000721
2294,SZSE.000722
2295,SZSE.000723
2296,SZSE.000725
2297,SZSE.000726
2298,SZSE.000727
2299,SZSE.000728
2300,SZSE.000729
2301,SZSE.000731
2302,SZSE.000732
2303,SZSE.000733
2304,SZSE.000735
2305,SZSE.000736
2306,SZSE.000737
2307,SZSE.000738
2308,SZSE.000739
2309,SZSE.000750
2310,SZSE.000751
2311,SZSE.000752
2312,SZSE.000753
2313,SZSE.000755
2314,SZSE.000756
2315,SZSE.000757
2316,SZSE.000758
2317,SZSE.000759
2318,SZSE.000761
2319,SZSE.000762
2320,SZSE.000766
2321,SZSE.000767
2322,SZSE.000768
2323,SZSE.000776
2324,SZSE.000777
2325,SZSE.000778
2326,SZSE.000779
2327,SZSE.000782
2328,SZSE.000783
2329,SZSE.000785
2330,SZSE.000786
2331,SZSE.000788
2332,SZSE.000789
2333,SZSE.000790
2334,SZSE.000791
2335,SZSE.000792
2336,SZSE.000793
2337,SZSE.000795
2338,SZSE.000796
2339,SZSE.000797
2340,SZSE.000798
2341,SZSE.000799
2342,SZSE.000800
2343,SZSE.000801
2344,SZSE.000802
2345,SZSE.000803
2346,SZSE.000806
2347,SZSE.000807
2348,SZSE.000809
2349,SZSE.000810
2350,SZSE.000811
2351,SZSE.000812
2352,SZSE.000813
2353,SZSE.000815
2354,SZSE.000816
2355,SZSE.000818
2356,SZSE.000819
2357,SZSE.000820
2358,SZSE.000821
2359,SZSE.000822
2360,SZSE.000823
2361,SZSE.000825
2362,SZSE.000826
2363,SZSE.000828
2364,SZSE.000829
2365,SZSE.000830
2366,SZSE.000831
2367,SZSE.000833
2368,SZSE.000835
2369,SZSE.000836
2370,SZSE.000837
2371,SZSE.000838
2372,SZSE.000839
2373,SZSE.000848
2374,SZSE.000850
2375,SZSE.000851
2376,SZSE.000852
2377,SZSE.000856
2378,SZSE.000858
2379,SZSE.000859
2380,SZSE.000860
2381,SZSE.000861
2382,SZSE.000862
2383,SZSE.000863
2384,SZSE.000868
2385,SZSE.000869
2386,SZSE.000875
2387,SZSE.000876
2388,SZSE.000877
2389,SZSE.000878
2390,SZSE.000880
2391,SZSE.000881
2392,SZSE.000882
2393,SZSE.000883
2394,SZSE.000885
2395,SZSE.000886
2396,SZSE.000887
2397,SZSE.000888
2398,SZSE.000889
2399,SZSE.000890
2400,SZSE.000892
2401,SZSE.000893
2402,SZSE.000895
2403,SZSE.000897
2404,SZSE.000898
2405,SZSE.000899
2406,SZSE.000900
2407,SZSE.000901
2408,SZSE.000902
2409,SZSE.000903
2410,SZSE.000905
2411,SZSE.000906
2412,SZSE.000908
2413,SZSE.000909
2414,SZSE.000910
2415,SZSE.000911
2416,SZSE.000912
2417,SZSE.000913
2418,SZSE.000915
2419,SZSE.000917
2420,SZSE.000918
2421,SZSE.000919
2422,SZSE.000920
2423,SZSE.000921
2424,SZSE.000922
2425,SZSE.000923
2426,SZSE.000925
2427,SZSE.000926
2428,SZSE.000927
2429,SZSE.000928
2430,SZSE.000929
2431,SZSE.000930
2432,SZSE.000931
2433,SZSE.000932
2434,SZSE.000933
2435,SZSE.000935
2436,SZSE.000936
2437,SZSE.000937
2438,SZSE.000938
2439,SZSE.000948
2440,SZSE.000949
2441,SZSE.000950
2442,SZSE.000951
2443,SZSE.000952
2444,SZSE.000953
2445,SZSE.000955
2446,SZSE.000957
2447,SZSE.000958
2448,SZSE.000959
2449,SZSE.000960
2450,SZSE.000961
2451,SZSE.000962
2452,SZSE.000963
2453,SZSE.000965
2454,SZSE.000966
2455,SZSE.000967
2456,SZSE.000968
2457,SZSE.000969
2458,SZSE.000970
2459,SZSE.000971
2460,SZSE.000972
2461,SZSE.000973
2462,SZSE.000975
2463,SZSE.000976
2464,SZSE.000977
2465,SZSE.000978
2466,SZSE.000980
2467,SZSE.000981
2468,SZSE.000982
2469,SZSE.000983
2470,SZSE.000985
2471,SZSE.000987
2472,SZSE.000988
2473,SZSE.000989
2474,SZSE.000990
2475,SZSE.000993
2476,SZSE.000995
2477,SZSE.000996
2478,SZSE.000997
2479,SZSE.000998
2480,SZSE.000999
2481,SZSE.001201
2482,SZSE.001202
2483,SZSE.001203
2484,SZSE.001205
2485,SZSE.001206
2486,SZSE.001207
2487,SZSE.001208
2488,SZSE.001209
2489,SZSE.001210
2490,SZSE.001211
2491,SZSE.001212
2492,SZSE.001213
2493,SZSE.001215
2494,SZSE.001216
2495,SZSE.001217
2496,SZSE.001218
2497,SZSE.001219
2498,SZSE.001234
2499,SZSE.001267
2500,SZSE.001288
2501,SZSE.001296
2502,SZSE.001317
2503,SZSE.001696
2504,SZSE.001872
2505,SZSE.001896
2506,SZSE.001914
2507,SZSE.001965
2508,SZSE.001979
2509,SZSE.002001
2510,SZSE.002002
2511,SZSE.002003
2512,SZSE.002004
2513,SZSE.002005
2514,SZSE.002006
2515,SZSE.002007
2516,SZSE.002008
2517,SZSE.002009
2518,SZSE.002010
2519,SZSE.002011
2520,SZSE.002012
2521,SZSE.002013
2522,SZSE.002014
2523,SZSE.002015
2524,SZSE.002016
2525,SZSE.002017
2526,SZSE.002019
2527,SZSE.002020
2528,SZSE.002021
2529,SZSE.002022
2530,SZSE.002023
2531,SZSE.002024
2532,SZSE.002025
2533,SZSE.002026
2534,SZSE.002027
2535,SZSE.002028
2536,SZSE.002029
2537,SZSE.002030
2538,SZSE.002031
2539,SZSE.002032
2540,SZSE.002033
2541,SZSE.002034
2542,SZSE.002035
2543,SZSE.002036
2544,SZSE.002037
2545,SZSE.002038
2546,SZSE.002039
2547,SZSE.002040
2548,SZSE.002041
2549,SZSE.002042
2550,SZSE.002043
2551,SZSE.002044
2552,SZSE.002045
2553,SZSE.002046
2554,SZSE.002047
2555,SZSE.002048
2556,SZSE.002049
2557,SZSE.002050
2558,SZSE.002051
2559,SZSE.002052
2560,SZSE.002053
2561,SZSE.002054
2562,SZSE.002055
2563,SZSE.002056
2564,SZSE.002057
2565,SZSE.002058
2566,SZSE.002059
2567,SZSE.002060
2568,SZSE.002061
2569,SZSE.002062
2570,SZSE.002063
2571,SZSE.002064
2572,SZSE.002065
2573,SZSE.002066
2574,SZSE.002067
2575,SZSE.002068
2576,SZSE.002069
2577,SZSE.002072
2578,SZSE.002073
2579,SZSE.002074
2580,SZSE.002075
2581,SZSE.002076
2582,SZSE.002077
2583,SZSE.002078
2584,SZSE.002079
2585,SZSE.002080
2586,SZSE.002081
2587,SZSE.002082
2588,SZSE.002083
2589,SZSE.002084
2590,SZSE.002085
2591,SZSE.002086
2592,SZSE.002087
2593,SZSE.002088
2594,SZSE.002089
2595,SZSE.002090
2596,SZSE.002091
2597,SZSE.002092
2598,SZSE.002093
2599,SZSE.002094
2600,SZSE.002095
2601,SZSE.002096
2602,SZSE.002097
2603,SZSE.002098
2604,SZSE.002099
2605,SZSE.002100
2606,SZSE.002101
2607,SZSE.002102
2608,SZSE.002103
2609,SZSE.002104
2610,SZSE.002105
2611,SZSE.002106
2612,SZSE.002107
2613,SZSE.002108
2614,SZSE.002109
2615,SZSE.002110
2616,SZSE.002111
2617,SZSE.002112
2618,SZSE.002113
2619,SZSE.002114
2620,SZSE.002115
2621,SZSE.002116
2622,SZSE.002117
2623,SZSE.002118
2624,SZSE.002119
2625,SZSE.002120
2626,SZSE.002121
2627,SZSE.002122
2628,SZSE.002123
2629,SZSE.002124
2630,SZSE.002125
2631,SZSE.002126
2632,SZSE.002127
2633,SZSE.002128
2634,SZSE.002129
2635,SZSE.002130
2636,SZSE.002131
2637,SZSE.002132
2638,SZSE.002133
2639,SZSE.002134
2640,SZSE.002135
2641,SZSE.002136
2642,SZSE.002137
2643,SZSE.002138
2644,SZSE.002139
2645,SZSE.002140
2646,SZSE.002141
2647,SZSE.002142
2648,SZSE.002144
2649,SZSE.002145
2650,SZSE.002146
2651,SZSE.002147
2652,SZSE.002148
2653,SZSE.002149
2654,SZSE.002150
2655,SZSE.002151
2656,SZSE.002152
2657,SZSE.002153
2658,SZSE.002154
2659,SZSE.002155
2660,SZSE.002156
2661,SZSE.002157
2662,SZSE.002158
2663,SZSE.002159
2664,SZSE.002160
2665,SZSE.002161
2666,SZSE.002162
2667,SZSE.002163
2668,SZSE.002164
2669,SZSE.002165
2670,SZSE.002166
2671,SZSE.002167
2672,SZSE.002168
2673,SZSE.002169
2674,SZSE.002170
2675,SZSE.002171
2676,SZSE.002172
2677,SZSE.002173
2678,SZSE.002174
2679,SZSE.002175
2680,SZSE.002176
2681,SZSE.002177
2682,SZSE.002178
2683,SZSE.002179
2684,SZSE.002180
2685,SZSE.002181
2686,SZSE.002182
2687,SZSE.002183
2688,SZSE.002184
2689,SZSE.002185
2690,SZSE.002186
2691,SZSE.002187
2692,SZSE.002188
2693,SZSE.002189
2694,SZSE.002190
2695,SZSE.002191
2696,SZSE.002192
2697,SZSE.002193
2698,SZSE.002194
2699,SZSE.002195
2700,SZSE.002196
2701,SZSE.002197
2702,SZSE.002198
2703,SZSE.002199
2704,SZSE.002200
2705,SZSE.002201
2706,SZSE.002202
2707,SZSE.002203
2708,SZSE.002204
2709,SZSE.002205
2710,SZSE.002206
2711,SZSE.002207
2712,SZSE.002208
2713,SZSE.002209
2714,SZSE.002210
2715,SZSE.002211
2716,SZSE.002212
2717,SZSE.002213
2718,SZSE.002214
2719,SZSE.002215
2720,SZSE.002216
2721,SZSE.002217
2722,SZSE.002218
2723,SZSE.002219
2724,SZSE.002221
2725,SZSE.002222
2726,SZSE.002223
2727,SZSE.002224
2728,SZSE.002225
2729,SZSE.002226
2730,SZSE.002227
2731,SZSE.002228
2732,SZSE.002229
2733,SZSE.002230
2734,SZSE.002231
2735,SZSE.002232
2736,SZSE.002233
2737,SZSE.002234
2738,SZSE.002235
2739,SZSE.002236
2740,SZSE.002237
2741,SZSE.002238
2742,SZSE.002239
2743,SZSE.002240
2744,SZSE.002241
2745,SZSE.002242
2746,SZSE.002243
2747,SZSE.002244
2748,SZSE.002245
2749,SZSE.002246
2750,SZSE.002247
2751,SZSE.002248
2752,SZSE.002249
2753,SZSE.002250
2754,SZSE.002251
2755,SZSE.002252
2756,SZSE.002253
2757,SZSE.002254
2758,SZSE.002255
2759,SZSE.002256
2760,SZSE.002258
2761,SZSE.002259
2762,SZSE.002261
2763,SZSE.002262
2764,SZSE.002263
2765,SZSE.002264
2766,SZSE.002265
2767,SZSE.002266
2768,SZSE.002267
2769,SZSE.002268
2770,SZSE.002269
2771,SZSE.002270
2772,SZSE.002271
2773,SZSE.002272
2774,SZSE.002273
2775,SZSE.002274
2776,SZSE.002275
2777,SZSE.002276
2778,SZSE.002277
2779,SZSE.002278
2780,SZSE.002279
2781,SZSE.002280
2782,SZSE.002281
2783,SZSE.002282
2784,SZSE.002283
2785,SZSE.002284
2786,SZSE.002285
2787,SZSE.002286
2788,SZSE.002287
2789,SZSE.002288
2790,SZSE.002289
2791,SZSE.002290
2792,SZSE.002291
2793,SZSE.002292
2794,SZSE.002293
2795,SZSE.002294
2796,SZSE.002295
2797,SZSE.002296
2798,SZSE.002297
2799,SZSE.002298
2800,SZSE.002299
2801,SZSE.002300
2802,SZSE.002301
2803,SZSE.002302
2804,SZSE.002303
2805,SZSE.002304
2806,SZSE.002305
2807,SZSE.002306
2808,SZSE.002307
2809,SZSE.002308
2810,SZSE.002309
2811,SZSE.002310
2812,SZSE.002311
2813,SZSE.002312
2814,SZSE.002313
2815,SZSE.002314
2816,SZSE.002315
2817,SZSE.002316
2818,SZSE.002317
2819,SZSE.002318
2820,SZSE.002319
2821,SZSE.002320
2822,SZSE.002321
2823,SZSE.002322
2824,SZSE.002323
2825,SZSE.002324
2826,SZSE.002325
2827,SZSE.002326
2828,SZSE.002327
2829,SZSE.002328
2830,SZSE.002329
2831,SZSE.002330
2832,SZSE.002331
2833,SZSE.002332
2834,SZSE.002333
2835,SZSE.002334
2836,SZSE.002335
2837,SZSE.002336
2838,SZSE.002337
2839,SZSE.002338
2840,SZSE.002339
2841,SZSE.002340
2842,SZSE.002341
2843,SZSE.002342
2844,SZSE.002343
2845,SZSE.002344
2846,SZSE.002345
2847,SZSE.002346
2848,SZSE.002347
2849,SZSE.002348
2850,SZSE.002349
2851,SZSE.002350
2852,SZSE.002351
2853,SZSE.002352
2854,SZSE.002353
2855,SZSE.002354
2856,SZSE.002355
2857,SZSE.002356
2858,SZSE.002357
2859,SZSE.002358
2860,SZSE.002360
2861,SZSE.002361
2862,SZSE.002362
2863,SZSE.002363
2864,SZSE.002364
2865,SZSE.002365
2866,SZSE.002366
2867,SZSE.002367
2868,SZSE.002368
2869,SZSE.002369
2870,SZSE.002370
2871,SZSE.002371
2872,SZSE.002372
2873,SZSE.002373
2874,SZSE.002374
2875,SZSE.002375
2876,SZSE.002376
2877,SZSE.002377
2878,SZSE.002378
2879,SZSE.002379
2880,SZSE.002380
2881,SZSE.002381
2882,SZSE.002382
2883,SZSE.002383
2884,SZSE.002384
2885,SZSE.002385
2886,SZSE.002386
2887,SZSE.002387
2888,SZSE.002388
2889,SZSE.002389
2890,SZSE.002390
2891,SZSE.002391
2892,SZSE.002392
2893,SZSE.002393
2894,SZSE.002394
2895,SZSE.002395
2896,SZSE.002396
2897,SZSE.002397
2898,SZSE.002398
2899,SZSE.002399
2900,SZSE.002400
2901,SZSE.002401
2902,SZSE.002402
2903,SZSE.002403
2904,SZSE.002404
2905,SZSE.002405
2906,SZSE.002406
2907,SZSE.002407
2908,SZSE.002408
2909,SZSE.002409
2910,SZSE.002410
2911,SZSE.002411
2912,SZSE.002412
2913,SZSE.002413
2914,SZSE.002414
2915,SZSE.002415
2916,SZSE.002416
2917,SZSE.002417
2918,SZSE.002418
2919,SZSE.002419
2920,SZSE.002420
2921,SZSE.002421
2922,SZSE.002422
2923,SZSE.002423
2924,SZSE.002424
2925,SZSE.002425
2926,SZSE.002426
2927,SZSE.002427
2928,SZSE.002428
2929,SZSE.002429
2930,SZSE.002430
2931,SZSE.002431
2932,SZSE.002432
2933,SZSE.002433
2934,SZSE.002434
2935,SZSE.002435
2936,SZSE.002436
2937,SZSE.002437
2938,SZSE.002438
2939,SZSE.002439
2940,SZSE.002440
2941,SZSE.002441
2942,SZSE.002442
2943,SZSE.002443
2944,SZSE.002444
2945,SZSE.002445
2946,SZSE.002446
2947,SZSE.002447
2948,SZSE.002448
2949,SZSE.002449
2950,SZSE.002451
2951,SZSE.002452
2952,SZSE.002453
2953,SZSE.002454
2954,SZSE.002455
2955,SZSE.002456
2956,SZSE.002457
2957,SZSE.002458
2958,SZSE.002459
2959,SZSE.002460
2960,SZSE.002461
2961,SZSE.002462
2962,SZSE.002463
2963,SZSE.002464
2964,SZSE.002465
2965,SZSE.002466
2966,SZSE.002467
2967,SZSE.002468
2968,SZSE.002469
2969,SZSE.002470
2970,SZSE.002471
2971,SZSE.002472
2972,SZSE.002473
2973,SZSE.002474
2974,SZSE.002475
2975,SZSE.002476
2976,SZSE.002478
2977,SZSE.002479
2978,SZSE.002480
2979,SZSE.002481
2980,SZSE.002482
2981,SZSE.002483
2982,SZSE.002484
2983,SZSE.002485
2984,SZSE.002486
2985,SZSE.002487
2986,SZSE.002488
2987,SZSE.002489
2988,SZSE.002490
2989,SZSE.002491
2990,SZSE.002492
2991,SZSE.002493
2992,SZSE.002494
2993,SZSE.002495
2994,SZSE.002496
2995,SZSE.002497
2996,SZSE.002498
2997,SZSE.002499
2998,SZSE.002500
2999,SZSE.002501
3000,SZSE.002502
3001,SZSE.002503
3002,SZSE.002504
3003,SZSE.002505
3004,SZSE.002506
3005,SZSE.002507
3006,SZSE.002508
3007,SZSE.002510
3008,SZSE.002511
3009,SZSE.002512
3010,SZSE.002513
3011,SZSE.002514
3012,SZSE.002515
3013,SZSE.002516
3014,SZSE.002517
3015,SZSE.002518
3016,SZSE.002519
3017,SZSE.002520
3018,SZSE.002521
3019,SZSE.002522
3020,SZSE.002523
3021,SZSE.002524
3022,SZSE.002526
3023,SZSE.002527
3024,SZSE.002528
3025,SZSE.002529
3026,SZSE.002530
3027,SZSE.002531
3028,SZSE.002532
3029,SZSE.002533
3030,SZSE.002534
3031,SZSE.002535
3032,SZSE.002536
3033,SZSE.002537
3034,SZSE.002538
3035,SZSE.002539
3036,SZSE.002540
3037,SZSE.002541
3038,SZSE.002542
3039,SZSE.002543
3040,SZSE.002544
3041,SZSE.002545
3042,SZSE.002546
3043,SZSE.002547
3044,SZSE.002548
3045,SZSE.002549
3046,SZSE.002550
3047,SZSE.002551
3048,SZSE.002552
3049,SZSE.002553
3050,SZSE.002554
3051,SZSE.002555
3052,SZSE.002556
3053,SZSE.002557
3054,SZSE.002558
3055,SZSE.002559
3056,SZSE.002560
3057,SZSE.002561
3058,SZSE.002562
3059,SZSE.002563
3060,SZSE.002564
3061,SZSE.002565
3062,SZSE.002566
3063,SZSE.002567
3064,SZSE.002568
3065,SZSE.002569
3066,SZSE.002570
3067,SZSE.002571
3068,SZSE.002572
3069,SZSE.002573
3070,SZSE.002574
3071,SZSE.002575
3072,SZSE.002576
3073,SZSE.002577
3074,SZSE.002578
3075,SZSE.002579
3076,SZSE.002580
3077,SZSE.002581
3078,SZSE.002582
3079,SZSE.002583
3080,SZSE.002584
3081,SZSE.002585
3082,SZSE.002586
3083,SZSE.002587
3084,SZSE.002588
3085,SZSE.002589
3086,SZSE.002590
3087,SZSE.002591
3088,SZSE.002592
3089,SZSE.002593
3090,SZSE.002594
3091,SZSE.002595
3092,SZSE.002596
3093,SZSE.002597
3094,SZSE.002598
3095,SZSE.002599
3096,SZSE.002600
3097,SZSE.002601
3098,SZSE.002602
3099,SZSE.002603
3100,SZSE.002605
3101,SZSE.002606
3102,SZSE.002607
3103,SZSE.002608
3104,SZSE.002609
3105,SZSE.002610
3106,SZSE.002611
3107,SZSE.002612
3108,SZSE.002613
3109,SZSE.002614
3110,SZSE.002615
3111,SZSE.002616
3112,SZSE.002617
3113,SZSE.002618
3114,SZSE.002619
3115,SZSE.002620
3116,SZSE.002621
3117,SZSE.002622
3118,SZSE.002623
3119,SZSE.002624
3120,SZSE.002625
3121,SZSE.002626
3122,SZSE.002627
3123,SZSE.002628
3124,SZSE.002629
3125,SZSE.002630
3126,SZSE.002631
3127,SZSE.002632
3128,SZSE.002633
3129,SZSE.002634
3130,SZSE.002635
3131,SZSE.002636
3132,SZSE.002637
3133,SZSE.002638
3134,SZSE.002639
3135,SZSE.002640
3136,SZSE.002641
3137,SZSE.002642
3138,SZSE.002643
3139,SZSE.002644
3140,SZSE.002645
3141,SZSE.002646
3142,SZSE.002647
3143,SZSE.002648
3144,SZSE.002649
3145,SZSE.002650
3146,SZSE.002651
3147,SZSE.002652
3148,SZSE.002653
3149,SZSE.002654
3150,SZSE.002655
3151,SZSE.002656
3152,SZSE.002657
3153,SZSE.002658
3154,SZSE.002659
3155,SZSE.002660
3156,SZSE.002661
3157,SZSE.002662
3158,SZSE.002663
3159,SZSE.002664
3160,SZSE.002665
3161,SZSE.002666
3162,SZSE.002667
3163,SZSE.002668
3164,SZSE.002669
3165,SZSE.002670
3166,SZSE.002671
3167,SZSE.002672
3168,SZSE.002673
3169,SZSE.002674
3170,SZSE.002675
3171,SZSE.002676
3172,SZSE.002677
3173,SZSE.002678
3174,SZSE.002679
3175,SZSE.002681
3176,SZSE.002682
3177,SZSE.002683
3178,SZSE.002684
3179,SZSE.002685
3180,SZSE.002686
3181,SZSE.002687
3182,SZSE.002688
3183,SZSE.002689
3184,SZSE.002690
3185,SZSE.002691
3186,SZSE.002692
3187,SZSE.002693
3188,SZSE.002694
3189,SZSE.002695
3190,SZSE.002696
3191,SZSE.002697
3192,SZSE.002698
3193,SZSE.002699
3194,SZSE.002700
3195,SZSE.002701
3196,SZSE.002702
3197,SZSE.002703
3198,SZSE.002705
3199,SZSE.002706
3200,SZSE.002707
3201,SZSE.002708
3202,SZSE.002709
3203,SZSE.002712
3204,SZSE.002713
3205,SZSE.002714
3206,SZSE.002715
3207,SZSE.002716
3208,SZSE.002717
3209,SZSE.002718
3210,SZSE.002719
3211,SZSE.002721
3212,SZSE.002722
3213,SZSE.002723
3214,SZSE.002724
3215,SZSE.002725
3216,SZSE.002726
3217,SZSE.002727
3218,SZSE.002728
3219,SZSE.002729
3220,SZSE.002730
3221,SZSE.002731
3222,SZSE.002732
3223,SZSE.002733
3224,SZSE.002734
3225,SZSE.002735
3226,SZSE.002736
3227,SZSE.002737
3228,SZSE.002738
3229,SZSE.002739
3230,SZSE.002740
3231,SZSE.002741
3232,SZSE.002742
3233,SZSE.002743
3234,SZSE.002745
3235,SZSE.002746
3236,SZSE.002747
3237,SZSE.002748
3238,SZSE.002749
3239,SZSE.002750
3240,SZSE.002751
3241,SZSE.002752
3242,SZSE.002753
3243,SZSE.002755
3244,SZSE.002756
3245,SZSE.002757
3246,SZSE.002758
3247,SZSE.002759
3248,SZSE.002760
3249,SZSE.002761
3250,SZSE.002762
3251,SZSE.002763
3252,SZSE.002765
3253,SZSE.002766
3254,SZSE.002767
3255,SZSE.002768
3256,SZSE.002769
3257,SZSE.002770
3258,SZSE.002771
3259,SZSE.002772
3260,SZSE.002773
3261,SZSE.002774
3262,SZSE.002775
3263,SZSE.002776
3264,SZSE.002777
3265,SZSE.002778
3266,SZSE.002779
3267,SZSE.002780
3268,SZSE.002781
3269,SZSE.002782
3270,SZSE.002783
3271,SZSE.002785
3272,SZSE.002786
3273,SZSE.002787
3274,SZSE.002788
3275,SZSE.002789
3276,SZSE.002790
3277,SZSE.002791
3278,SZSE.002792
3279,SZSE.002793
3280,SZSE.002795
3281,SZSE.002796
3282,SZSE.002797
3283,SZSE.002798
3284,SZSE.002799
3285,SZSE.002800
3286,SZSE.002801
3287,SZSE.002802
3288,SZSE.002803
3289,SZSE.002805
3290,SZSE.002806
3291,SZSE.002807
3292,SZSE.002808
3293,SZSE.002809
3294,SZSE.002810
3295,SZSE.002811
3296,SZSE.002812
3297,SZSE.002813
3298,SZSE.002815
3299,SZSE.002816
3300,SZSE.002817
3301,SZSE.002818
3302,SZSE.002819
3303,SZSE.002820
3304,SZSE.002821
3305,SZSE.002822
3306,SZSE.002823
3307,SZSE.002824
3308,SZSE.002825
3309,SZSE.002826
3310,SZSE.002827
3311,SZSE.002828
3312,SZSE.002829
3313,SZSE.002830
3314,SZSE.002831
3315,SZSE.002832
3316,SZSE.002833
3317,SZSE.002835
3318,SZSE.002836
3319,SZSE.002837
3320,SZSE.002838
3321,SZSE.002839
3322,SZSE.002840
3323,SZSE.002841
3324,SZSE.002842
3325,SZSE.002843
3326,SZSE.002845
3327,SZSE.002846
3328,SZSE.002847
3329,SZSE.002848
3330,SZSE.002849
3331,SZSE.002850
3332,SZSE.002851
3333,SZSE.002852
3334,SZSE.002853
3335,SZSE.002855
3336,SZSE.002856
3337,SZSE.002857
3338,SZSE.002858
3339,SZSE.002859
3340,SZSE.002860
3341,SZSE.002861
3342,SZSE.002862
3343,SZSE.002863
3344,SZSE.002864
3345,SZSE.002865
3346,SZSE.002866
3347,SZSE.002867
3348,SZSE.002868
3349,SZSE.002869
3350,SZSE.002870
3351,SZSE.002871
3352,SZSE.002872
3353,SZSE.002873
3354,SZSE.002875
3355,SZSE.002876
3356,SZSE.002877
3357,SZSE.002878
3358,SZSE.002879
3359,SZSE.002880
3360,SZSE.002881
3361,SZSE.002882
3362,SZSE.002883
3363,SZSE.002884
3364,SZSE.002885
3365,SZSE.002886
3366,SZSE.002887
3367,SZSE.002888
3368,SZSE.002889
3369,SZSE.002890
3370,SZSE.002891
3371,SZSE.002892
3372,SZSE.002893
3373,SZSE.002895
3374,SZSE.002896
3375,SZSE.002897
3376,SZSE.002898
3377,SZSE.002899
3378,SZSE.002900
3379,SZSE.002901
3380,SZSE.002902
3381,SZSE.002903
3382,SZSE.002905
3383,SZSE.002906
3384,SZSE.002907
3385,SZSE.002908
3386,SZSE.002909
3387,SZSE.002910
3388,SZSE.002911
3389,SZSE.002912
3390,SZSE.002913
3391,SZSE.002915
3392,SZSE.002916
3393,SZSE.002917
3394,SZSE.002918
3395,SZSE.002919
3396,SZSE.002920
3397,SZSE.002921
3398,SZSE.002922
3399,SZSE.002923
3400,SZSE.002925
3401,SZSE.002926
3402,SZSE.002927
3403,SZSE.002928
3404,SZSE.002929
3405,SZSE.002930
3406,SZSE.002931
3407,SZSE.002932
3408,SZSE.002933
3409,SZSE.002935
3410,SZSE.002936
3411,SZSE.002937
3412,SZSE.002938
3413,SZSE.002939
3414,SZSE.002940
3415,SZSE.002941
3416,SZSE.002942
3417,SZSE.002943
3418,SZSE.002945
3419,SZSE.002946
3420,SZSE.002947
3421,SZSE.002948
3422,SZSE.002949
3423,SZSE.002950
3424,SZSE.002951
3425,SZSE.002952
3426,SZSE.002953
3427,SZSE.002955
3428,SZSE.002956
3429,SZSE.002957
3430,SZSE.002958
3431,SZSE.002959
3432,SZSE.002960
3433,SZSE.002961
3434,SZSE.002962
3435,SZSE.002963
3436,SZSE.002965
3437,SZSE.002966
3438,SZSE.002967
3439,SZSE.002968
3440,SZSE.002969
3441,SZSE.002970
3442,SZSE.002971
3443,SZSE.002972
3444,SZSE.002973
3445,SZSE.002975
3446,SZSE.002976
3447,SZSE.002977
3448,SZSE.002978
3449,SZSE.002979
3450,SZSE.002980
3451,SZSE.002981
3452,SZSE.002982
3453,SZSE.002983
3454,SZSE.002984
3455,SZSE.002985
3456,SZSE.002986
3457,SZSE.002987
3458,SZSE.002988
3459,SZSE.002989
3460,SZSE.002990
3461,SZSE.002991
3462,SZSE.002992
3463,SZSE.002993
3464,SZSE.002995
3465,SZSE.002996
3466,SZSE.002997
3467,SZSE.002998
3468,SZSE.002999
3469,SZSE.003000
3470,SZSE.003001
3471,SZSE.003002
3472,SZSE.003003
3473,SZSE.003004
3474,SZSE.003005
3475,SZSE.003006
3476,SZSE.003007
3477,SZSE.003008
3478,SZSE.003009
3479,SZSE.003010
3480,SZSE.003011
3481,SZSE.003012
3482,SZSE.003013
3483,SZSE.003015
3484,SZSE.003016
3485,SZSE.003017
3486,SZSE.003018
3487,SZSE.003019
3488,SZSE.003020
3489,SZSE.003021
3490,SZSE.003022
3491,SZSE.003023
3492,SZSE.003025
3493,SZSE.003026
3494,SZSE.003027
3495,SZSE.003028
3496,SZSE.003029
3497,SZSE.003030
3498,SZSE.003031
3499,SZSE.003032
3500,SZSE.003033
3501,SZSE.003035
3502,SZSE.003036
3503,SZSE.003037
3504,SZSE.003038
3505,SZSE.003039
3506,SZSE.003040
3507,SZSE.003041
3508,SZSE.003042
3509,SZSE.003043
3510,SZSE.003816
3511,SZSE.300001
3512,SZSE.300002
3513,SZSE.300003
3514,SZSE.300004
3515,SZSE.300005
3516,SZSE.300006
3517,SZSE.300007
3518,SZSE.300008
3519,SZSE.300009
3520,SZSE.300010
3521,SZSE.300011
3522,SZSE.300012
3523,SZSE.300013
3524,SZSE.300014
3525,SZSE.300015
3526,SZSE.300016
3527,SZSE.300017
3528,SZSE.300018
3529,SZSE.300019
3530,SZSE.300020
3531,SZSE.300021
3532,SZSE.300022
3533,SZSE.300023
3534,SZSE.300024
3535,SZSE.300025
3536,SZSE.300026
3537,SZSE.300027
3538,SZSE.300029
3539,SZSE.300030
3540,SZSE.300031
3541,SZSE.300032
3542,SZSE.300033
3543,SZSE.300034
3544,SZSE.300035
3545,SZSE.300036
3546,SZSE.300037
3547,SZSE.300038
3548,SZSE.300039
3549,SZSE.300040
3550,SZSE.300041
3551,SZSE.300042
3552,SZSE.300043
3553,SZSE.300044
3554,SZSE.300045
3555,SZSE.300046
3556,SZSE.300047
3557,SZSE.300048
3558,SZSE.300049
3559,SZSE.300050
3560,SZSE.300051
3561,SZSE.300052
3562,SZSE.300053
3563,SZSE.300054
3564,SZSE.300055
3565,SZSE.300056
3566,SZSE.300057
3567,SZSE.300058
3568,SZSE.300059
3569,SZSE.300061
3570,SZSE.300062
3571,SZSE.300063
3572,SZSE.300064
3573,SZSE.300065
3574,SZSE.300066
3575,SZSE.300067
3576,SZSE.300068
3577,SZSE.300069
3578,SZSE.300070
3579,SZSE.300071
3580,SZSE.300072
3581,SZSE.300073
3582,SZSE.300074
3583,SZSE.300075
3584,SZSE.300076
3585,SZSE.300077
3586,SZSE.300078
3587,SZSE.300079
3588,SZSE.300080
3589,SZSE.300081
3590,SZSE.300082
3591,SZSE.300083
3592,SZSE.300084
3593,SZSE.300085
3594,SZSE.300086
3595,SZSE.300087
3596,SZSE.300088
3597,SZSE.300089
3598,SZSE.300091
3599,SZSE.300092
3600,SZSE.300093
3601,SZSE.300094
3602,SZSE.300095
3603,SZSE.300096
3604,SZSE.300097
3605,SZSE.300098
3606,SZSE.300099
3607,SZSE.300100
3608,SZSE.300101
3609,SZSE.300102
3610,SZSE.300103
3611,SZSE.300105
3612,SZSE.300106
3613,SZSE.300107
3614,SZSE.300108
3615,SZSE.300109
3616,SZSE.300110
3617,SZSE.300111
3618,SZSE.300112
3619,SZSE.300113
3620,SZSE.300114
3621,SZSE.300115
3622,SZSE.300116
3623,SZSE.300117
3624,SZSE.300118
3625,SZSE.300119
3626,SZSE.300120
3627,SZSE.300121
3628,SZSE.300122
3629,SZSE.300123
3630,SZSE.300124
3631,SZSE.300125
3632,SZSE.300126
3633,SZSE.300127
3634,SZSE.300128
3635,SZSE.300129
3636,SZSE.300130
3637,SZSE.300131
3638,SZSE.300132
3639,SZSE.300133
3640,SZSE.300134
3641,SZSE.300135
3642,SZSE.300136
3643,SZSE.300137
3644,SZSE.300138
3645,SZSE.300139
3646,SZSE.300140
3647,SZSE.300141
3648,SZSE.300142
3649,SZSE.300143
3650,SZSE.300144
3651,SZSE.300145
3652,SZSE.300146
3653,SZSE.300147
3654,SZSE.300148
3655,SZSE.300149
3656,SZSE.300150
3657,SZSE.300151
3658,SZSE.300152
3659,SZSE.300153
3660,SZSE.300154
3661,SZSE.300155
3662,SZSE.300157
3663,SZSE.300158
3664,SZSE.300159
3665,SZSE.300160
3666,SZSE.300161
3667,SZSE.300162
3668,SZSE.300163
3669,SZSE.300164
3670,SZSE.300165
3671,SZSE.300166
3672,SZSE.300167
3673,SZSE.300168
3674,SZSE.300169
3675,SZSE.300170
3676,SZSE.300171
3677,SZSE.300172
3678,SZSE.300173
3679,SZSE.300174
3680,SZSE.300175
3681,SZSE.300176
3682,SZSE.300177
3683,SZSE.300178
3684,SZSE.300179
3685,SZSE.300180
3686,SZSE.300181
3687,SZSE.300182
3688,SZSE.300183
3689,SZSE.300184
3690,SZSE.300185
3691,SZSE.300187
3692,SZSE.300188
3693,SZSE.300189
3694,SZSE.300190
3695,SZSE.300191
3696,SZSE.300192
3697,SZSE.300193
3698,SZSE.300194
3699,SZSE.300195
3700,SZSE.300196
3701,SZSE.300197
3702,SZSE.300198
3703,SZSE.300199
3704,SZSE.300200
3705,SZSE.300201
3706,SZSE.300202
3707,SZSE.300203
3708,SZSE.300204
3709,SZSE.300205
3710,SZSE.300206
3711,SZSE.300207
3712,SZSE.300208
3713,SZSE.300209
3714,SZSE.300210
3715,SZSE.300211
3716,SZSE.300212
3717,SZSE.300213
3718,SZSE.300214
3719,SZSE.300215
3720,SZSE.300217
3721,SZSE.300218
3722,SZSE.300219
3723,SZSE.300220
3724,SZSE.300221
3725,SZSE.300222
3726,SZSE.300223
3727,SZSE.300224
3728,SZSE.300225
3729,SZSE.300226
3730,SZSE.300227
3731,SZSE.300228
3732,SZSE.300229
3733,SZSE.300230
3734,SZSE.300231
3735,SZSE.300232
3736,SZSE.300233
3737,SZSE.300234
3738,SZSE.300235
3739,SZSE.300236
3740,SZSE.300237
3741,SZSE.300238
3742,SZSE.300239
3743,SZSE.300240
3744,SZSE.300241
3745,SZSE.300242
3746,SZSE.300243
3747,SZSE.300244
3748,SZSE.300245
3749,SZSE.300246
3750,SZSE.300247
3751,SZSE.300248
3752,SZSE.300249
3753,SZSE.300250
3754,SZSE.300251
3755,SZSE.300252
3756,SZSE.300253
3757,SZSE.300254
3758,SZSE.300255
3759,SZSE.300256
3760,SZSE.300257
3761,SZSE.300258
3762,SZSE.300259
3763,SZSE.300260
3764,SZSE.300261
3765,SZSE.300262
3766,SZSE.300263
3767,SZSE.300264
3768,SZSE.300265
3769,SZSE.300266
3770,SZSE.300267
3771,SZSE.300268
3772,SZSE.300269
3773,SZSE.300270
3774,SZSE.300271
3775,SZSE.300272
3776,SZSE.300273
3777,SZSE.300274
3778,SZSE.300275
3779,SZSE.300276
3780,SZSE.300277
3781,SZSE.300278
3782,SZSE.300279
3783,SZSE.300280
3784,SZSE.300281
3785,SZSE.300282
3786,SZSE.300283
3787,SZSE.300284
3788,SZSE.300285
3789,SZSE.300286
3790,SZSE.300287
3791,SZSE.300288
3792,SZSE.300289
3793,SZSE.300290
3794,SZSE.300291
3795,SZSE.300292
3796,SZSE.300293
3797,SZSE.300294
3798,SZSE.300295
3799,SZSE.300296
3800,SZSE.300297
3801,SZSE.300298
3802,SZSE.300299
3803,SZSE.300300
3804,SZSE.300301
3805,SZSE.300302
3806,SZSE.300303
3807,SZSE.300304
3808,SZSE.300305
3809,SZSE.300306
3810,SZSE.300307
3811,SZSE.300308
3812,SZSE.300309
3813,SZSE.300310
3814,SZSE.300311
3815,SZSE.300312
3816,SZSE.300313
3817,SZSE.300314
3818,SZSE.300315
3819,SZSE.300316
3820,SZSE.300317
3821,SZSE.300318
3822,SZSE.300319
3823,SZSE.300320
3824,SZSE.300321
3825,SZSE.300322
3826,SZSE.300323
3827,SZSE.300324
3828,SZSE.300325
3829,SZSE.300326
3830,SZSE.300327
3831,SZSE.300328
3832,SZSE.300329
3833,SZSE.300330
3834,SZSE.300331
3835,SZSE.300332
3836,SZSE.300333
3837,SZSE.300334
3838,SZSE.300335
3839,SZSE.300336
3840,SZSE.300337
3841,SZSE.300338
3842,SZSE.300339
3843,SZSE.300340
3844,SZSE.300341
3845,SZSE.300342
3846,SZSE.300343
3847,SZSE.300344
3848,SZSE.300345
3849,SZSE.300346
3850,SZSE.300347
3851,SZSE.300348
3852,SZSE.300349
3853,SZSE.300350
3854,SZSE.300351
3855,SZSE.300352
3856,SZSE.300353
3857,SZSE.300354
3858,SZSE.300355
3859,SZSE.300356
3860,SZSE.300357
3861,SZSE.300358
3862,SZSE.300359
3863,SZSE.300360
3864,SZSE.300363
3865,SZSE.300364
3866,SZSE.300365
3867,SZSE.300366
3868,SZSE.300367
3869,SZSE.300368
3870,SZSE.300369
3871,SZSE.300370
3872,SZSE.300371
3873,SZSE.300373
3874,SZSE.300374
3875,SZSE.300375
3876,SZSE.300376
3877,SZSE.300377
3878,SZSE.300378
3879,SZSE.300379
3880,SZSE.300380
3881,SZSE.300381
3882,SZSE.300382
3883,SZSE.300383
3884,SZSE.300384
3885,SZSE.300385
3886,SZSE.300386
3887,SZSE.300387
3888,SZSE.300388
3889,SZSE.300389
3890,SZSE.300390
3891,SZSE.300391
3892,SZSE.300392
3893,SZSE.300393
3894,SZSE.300394
3895,SZSE.300395
3896,SZSE.300396
3897,SZSE.300397
3898,SZSE.300398
3899,SZSE.300399
3900,SZSE.300400
3901,SZSE.300401
3902,SZSE.300402
3903,SZSE.300403
3904,SZSE.300404
3905,SZSE.300405
3906,SZSE.300406
3907,SZSE.300407
3908,SZSE.300408
3909,SZSE.300409
3910,SZSE.300410
3911,SZSE.300411
3912,SZSE.300412
3913,SZSE.300413
3914,SZSE.300414
3915,SZSE.300415
3916,SZSE.300416
3917,SZSE.300417
3918,SZSE.300418
3919,SZSE.300419
3920,SZSE.300420
3921,SZSE.300421
3922,SZSE.300422
3923,SZSE.300423
3924,SZSE.300424
3925,SZSE.300425
3926,SZSE.300426
3927,SZSE.300427
3928,SZSE.300428
3929,SZSE.300429
3930,SZSE.300430
3931,SZSE.300432
3932,SZSE.300433
3933,SZSE.300434
3934,SZSE.300435
3935,SZSE.300436
3936,SZSE.300437
3937,SZSE.300438
3938,SZSE.300439
3939,SZSE.300440
3940,SZSE.300441
3941,SZSE.300442
3942,SZSE.300443
3943,SZSE.300444
3944,SZSE.300445
3945,SZSE.300446
3946,SZSE.300447
3947,SZSE.300448
3948,SZSE.300449
3949,SZSE.300450
3950,SZSE.300451
3951,SZSE.300452
3952,SZSE.300453
3953,SZSE.300454
3954,SZSE.300455
3955,SZSE.300456
3956,SZSE.300457
3957,SZSE.300458
3958,SZSE.300459
3959,SZSE.300460
3960,SZSE.300461
3961,SZSE.300462
3962,SZSE.300463
3963,SZSE.300464
3964,SZSE.300465
3965,SZSE.300466
3966,SZSE.300467
3967,SZSE.300468
3968,SZSE.300469
3969,SZSE.300470
3970,SZSE.300471
3971,SZSE.300472
3972,SZSE.300473
3973,SZSE.300474
3974,SZSE.300475
3975,SZSE.300476
3976,SZSE.300477
3977,SZSE.300478
3978,SZSE.300479
3979,SZSE.300480
3980,SZSE.300481
3981,SZSE.300482
3982,SZSE.300483
3983,SZSE.300484
3984,SZSE.300485
3985,SZSE.300486
3986,SZSE.300487
3987,SZSE.300488
3988,SZSE.300489
3989,SZSE.300490
3990,SZSE.300491
3991,SZSE.300492
3992,SZSE.300493
3993,SZSE.300494
3994,SZSE.300495
3995,SZSE.300496
3996,SZSE.300497
3997,SZSE.300498
3998,SZSE.300499
3999,SZSE.300500
4000,SZSE.300501
4001,SZSE.300502
4002,SZSE.300503
4003,SZSE.300504
4004,SZSE.300505
4005,SZSE.300506
4006,SZSE.300507
4007,SZSE.300508
4008,SZSE.300509
4009,SZSE.300510
4010,SZSE.300511
4011,SZSE.300512
4012,SZSE.300513
4013,SZSE.300514
4014,SZSE.300515
4015,SZSE.300516
4016,SZSE.300517
4017,SZSE.300518
4018,SZSE.300519
4019,SZSE.300520
4020,SZSE.300521
4021,SZSE.300522
4022,SZSE.300523
4023,SZSE.300525
4024,SZSE.300526
4025,SZSE.300527
4026,SZSE.300528
4027,SZSE.300529
4028,SZSE.300530
4029,SZSE.300531
4030,SZSE.300532
4031,SZSE.300533
4032,SZSE.300534
4033,SZSE.300535
4034,SZSE.300536
4035,SZSE.300537
4036,SZSE.300538
4037,SZSE.300539
4038,SZSE.300540
4039,SZSE.300541
4040,SZSE.300542
4041,SZSE.300543
4042,SZSE.300545
4043,SZSE.300546
4044,SZSE.300547
4045,SZSE.300548
4046,SZSE.300549
4047,SZSE.300550
4048,SZSE.300551
4049,SZSE.300552
4050,SZSE.300553
4051,SZSE.300554
4052,SZSE.300555
4053,SZSE.300556
4054,SZSE.300557
4055,SZSE.300558
4056,SZSE.300559
4057,SZSE.300560
4058,SZSE.300561
4059,SZSE.300562
4060,SZSE.300563
4061,SZSE.300564
4062,SZSE.300565
4063,SZSE.300566
4064,SZSE.300567
4065,SZSE.300568
4066,SZSE.300569
4067,SZSE.300570
4068,SZSE.300571
4069,SZSE.300572
4070,SZSE.300573
4071,SZSE.300575
4072,SZSE.300576
4073,SZSE.300577
4074,SZSE.300578
4075,SZSE.300579
4076,SZSE.300580
4077,SZSE.300581
4078,SZSE.300582
4079,SZSE.300583
4080,SZSE.300584
4081,SZSE.300585
4082,SZSE.300586
4083,SZSE.300587
4084,SZSE.300588
4085,SZSE.300589
4086,SZSE.300590
4087,SZSE.300591
4088,SZSE.300592
4089,SZSE.300593
4090,SZSE.300594
4091,SZSE.300595
4092,SZSE.300596
4093,SZSE.300597
4094,SZSE.300598
4095,SZSE.300599
4096,SZSE.300600
4097,SZSE.300601
4098,SZSE.300602
4099,SZSE.300603
4100,SZSE.300605
4101,SZSE.300606
4102,SZSE.300607
4103,SZSE.300608
4104,SZSE.300609
4105,SZSE.300610
4106,SZSE.300611
4107,SZSE.300612
4108,SZSE.300613
4109,SZSE.300614
4110,SZSE.300615
4111,SZSE.300616
4112,SZSE.300617
4113,SZSE.300618
4114,SZSE.300619
4115,SZSE.300620
4116,SZSE.300621
4117,SZSE.300622
4118,SZSE.300623
4119,SZSE.300624
4120,SZSE.300625
4121,SZSE.300626
4122,SZSE.300627
4123,SZSE.300628
4124,SZSE.300629
4125,SZSE.300630
4126,SZSE.300631
4127,SZSE.300632
4128,SZSE.300633
4129,SZSE.300634
4130,SZSE.300635
4131,SZSE.300636
4132,SZSE.300637
4133,SZSE.300638
4134,SZSE.300639
4135,SZSE.300640
4136,SZSE.300641
4137,SZSE.300642
4138,SZSE.300643
4139,SZSE.300644
4140,SZSE.300645
4141,SZSE.300647
4142,SZSE.300648
4143,SZSE.300649
4144,SZSE.300650
4145,SZSE.300651
4146,SZSE.300652
4147,SZSE.300653
4148,SZSE.300654
4149,SZSE.300655
4150,SZSE.300656
4151,SZSE.300657
4152,SZSE.300658
4153,SZSE.300659
4154,SZSE.300660
4155,SZSE.300661
4156,SZSE.300662
4157,SZSE.300663
4158,SZSE.300664
4159,SZSE.300665
4160,SZSE.300666
4161,SZSE.300667
4162,SZSE.300668
4163,SZSE.300669
4164,SZSE.300670
4165,SZSE.300671
4166,SZSE.300672
4167,SZSE.300673
4168,SZSE.300674
4169,SZSE.300675
4170,SZSE.300676
4171,SZSE.300677
4172,SZSE.300678
4173,SZSE.300679
4174,SZSE.300680
4175,SZSE.300681
4176,SZSE.300682
4177,SZSE.300683
4178,SZSE.300684
4179,SZSE.300685
4180,SZSE.300686
4181,SZSE.300687
4182,SZSE.300688
4183,SZSE.300689
4184,SZSE.300690
4185,SZSE.300691
4186,SZSE.300692
4187,SZSE.300693
4188,SZSE.300694
4189,SZSE.300695
4190,SZSE.300696
4191,SZSE.300697
4192,SZSE.300698
4193,SZSE.300699
4194,SZSE.300700
4195,SZSE.300701
4196,SZSE.300702
4197,SZSE.300703
4198,SZSE.300705
4199,SZSE.300706
4200,SZSE.300707
4201,SZSE.300708
4202,SZSE.300709
4203,SZSE.300710
4204,SZSE.300711
4205,SZSE.300712
4206,SZSE.300713
4207,SZSE.300715
4208,SZSE.300716
4209,SZSE.300717
4210,SZSE.300718
4211,SZSE.300719
4212,SZSE.300720
4213,SZSE.300721
4214,SZSE.300722
4215,SZSE.300723
4216,SZSE.300724
4217,SZSE.300725
4218,SZSE.300726
4219,SZSE.300727
4220,SZSE.300729
4221,SZSE.300730
4222,SZSE.300731
4223,SZSE.300732
4224,SZSE.300733
4225,SZSE.300735
4226,SZSE.300736
4227,SZSE.300737
4228,SZSE.300738
4229,SZSE.300739
4230,SZSE.300740
4231,SZSE.300741
4232,SZSE.300742
4233,SZSE.300743
4234,SZSE.300745
4235,SZSE.300746
4236,SZSE.300747
4237,SZSE.300748
4238,SZSE.300749
4239,SZSE.300750
4240,SZSE.300751
4241,SZSE.300752
4242,SZSE.300753
4243,SZSE.300755
4244,SZSE.300756
4245,SZSE.300757
4246,SZSE.300758
4247,SZSE.300759
4248,SZSE.300760
4249,SZSE.300761
4250,SZSE.300762
4251,SZSE.300763
4252,SZSE.300765
4253,SZSE.300766
4254,SZSE.300767
4255,SZSE.300768
4256,SZSE.300769
4257,SZSE.300770
4258,SZSE.300771
4259,SZSE.300772
4260,SZSE.300773
4261,SZSE.300774
4262,SZSE.300775
4263,SZSE.300776
4264,SZSE.300777
4265,SZSE.300778
4266,SZSE.300779
4267,SZSE.300780
4268,SZSE.300781
4269,SZSE.300782
4270,SZSE.300783
4271,SZSE.300785
4272,SZSE.300786
4273,SZSE.300787
4274,SZSE.300788
4275,SZSE.300789
4276,SZSE.300790
4277,SZSE.300791
4278,SZSE.300792
4279,SZSE.300793
4280,SZSE.300795
4281,SZSE.300796
4282,SZSE.300797
4283,SZSE.300798
4284,SZSE.300799
4285,SZSE.300800
4286,SZSE.300801
4287,SZSE.300802
4288,SZSE.300803
4289,SZSE.300805
4290,SZSE.300806
4291,SZSE.300807
4292,SZSE.300808
4293,SZSE.300809
4294,SZSE.300810
4295,SZSE.300811
4296,SZSE.300812
4297,SZSE.300813
4298,SZSE.300814
4299,SZSE.300815
4300,SZSE.300816
4301,SZSE.300817
4302,SZSE.300818
4303,SZSE.300819
4304,SZSE.300820
4305,SZSE.300821
4306,SZSE.300822
4307,SZSE.300823
4308,SZSE.300824
4309,SZSE.300825
4310,SZSE.300826
4311,SZSE.300827
4312,SZSE.300828
4313,SZSE.300829
4314,SZSE.300830
4315,SZSE.300831
4316,SZSE.300832
4317,SZSE.300833
4318,SZSE.300834
4319,SZSE.300835
4320,SZSE.300836
4321,SZSE.300837
4322,SZSE.300838
4323,SZSE.300839
4324,SZSE.300840
4325,SZSE.300841
4326,SZSE.300842
4327,SZSE.300843
4328,SZSE.300844
4329,SZSE.300845
4330,SZSE.300846
4331,SZSE.300847
4332,SZSE.300848
4333,SZSE.300849
4334,SZSE.300850
4335,SZSE.300851
4336,SZSE.300852
4337,SZSE.300853
4338,SZSE.300854
4339,SZSE.300855
4340,SZSE.300856
4341,SZSE.300857
4342,SZSE.300858
4343,SZSE.300859
4344,SZSE.300860
4345,SZSE.300861
4346,SZSE.300862
4347,SZSE.300863
4348,SZSE.300864
4349,SZSE.300865
4350,SZSE.300866
4351,SZSE.300867
4352,SZSE.300868
4353,SZSE.300869
4354,SZSE.300870
4355,SZSE.300871
4356,SZSE.300872
4357,SZSE.300873
4358,SZSE.300875
4359,SZSE.300876
4360,SZSE.300877
4361,SZSE.300878
4362,SZSE.300879
4363,SZSE.300880
4364,SZSE.300881
4365,SZSE.300882
4366,SZSE.300883
4367,SZSE.300884
4368,SZSE.300885
4369,SZSE.300886
4370,SZSE.300887
4371,SZSE.300888
4372,SZSE.300889
4373,SZSE.300890
4374,SZSE.300891
4375,SZSE.300892
4376,SZSE.300893
4377,SZSE.300894
4378,SZSE.300895
4379,SZSE.300896
4380,SZSE.300897
4381,SZSE.300898
4382,SZSE.300899
4383,SZSE.300900
4384,SZSE.300901
4385,SZSE.300902
4386,SZSE.300903
4387,SZSE.300905
4388,SZSE.300906
4389,SZSE.300907
4390,SZSE.300908
4391,SZSE.300909
4392,SZSE.300910
4393,SZSE.300911
4394,SZSE.300912
4395,SZSE.300913
4396,SZSE.300915
4397,SZSE.300916
4398,SZSE.300917
4399,SZSE.300918
4400,SZSE.300919
4401,SZSE.300920
4402,SZSE.300921
4403,SZSE.300922
4404,SZSE.300923
4405,SZSE.300925
4406,SZSE.300926
4407,SZSE.300927
4408,SZSE.300928
4409,SZSE.300929
4410,SZSE.300930
4411,SZSE.300931
4412,SZSE.300932
4413,SZSE.300933
4414,SZSE.300935
4415,SZSE.300936
4416,SZSE.300937
4417,SZSE.300938
4418,SZSE.300939
4419,SZSE.300940
4420,SZSE.300941
4421,SZSE.300942
4422,SZSE.300943
4423,SZSE.300945
4424,SZSE.300946
4425,SZSE.300947
4426,SZSE.300948
4427,SZSE.300949
4428,SZSE.300950
4429,SZSE.300951
4430,SZSE.300952
4431,SZSE.300953
4432,SZSE.300955
4433,SZSE.300956
4434,SZSE.300957
4435,SZSE.300958
4436,SZSE.300959
4437,SZSE.300960
4438,SZSE.300961
4439,SZSE.300962
4440,SZSE.300963
4441,SZSE.300964
4442,SZSE.300965
4443,SZSE.300966
4444,SZSE.300967
4445,SZSE.300968
4446,SZSE.300969
4447,SZSE.300970
4448,SZSE.300971
4449,SZSE.300972
4450,SZSE.300973
4451,SZSE.300975
4452,SZSE.300976
4453,SZSE.300977
4454,SZSE.300978
4455,SZSE.300979
4456,SZSE.300980
4457,SZSE.300981
4458,SZSE.300982
4459,SZSE.300983
4460,SZSE.300984
4461,SZSE.300985
4462,SZSE.300986
4463,SZSE.300987
4464,SZSE.300988
4465,SZSE.300989
4466,SZSE.300990
4467,SZSE.300991
4468,SZSE.300992
4469,SZSE.300993
4470,SZSE.300994
4471,SZSE.300995
4472,SZSE.300996
4473,SZSE.300997
4474,SZSE.300998
4475,SZSE.300999
4476,SZSE.301000
4477,SZSE.301001
4478,SZSE.301002
4479,SZSE.301003
4480,SZSE.301004
4481,SZSE.301005
4482,SZSE.301006
4483,SZSE.301007
4484,SZSE.301008
4485,SZSE.301009
4486,SZSE.301010
4487,SZSE.301011
4488,SZSE.301012
4489,SZSE.301013
4490,SZSE.301015
4491,SZSE.301016
4492,SZSE.301017
4493,SZSE.301018
4494,SZSE.301019
4495,SZSE.301020
4496,SZSE.301021
4497,SZSE.301022
4498,SZSE.301023
4499,SZSE.301024
4500,SZSE.301025
4501,SZSE.301026
4502,SZSE.301027
4503,SZSE.301028
4504,SZSE.301029
4505,SZSE.301030
4506,SZSE.301031
4507,SZSE.301032
4508,SZSE.301033
4509,SZSE.301035
4510,SZSE.301036
4511,SZSE.301037
4512,SZSE.301038
4513,SZSE.301039
4514,SZSE.301040
4515,SZSE.301041
4516,SZSE.301042
4517,SZSE.301043
4518,SZSE.301045
4519,SZSE.301046
4520,SZSE.301047
4521,SZSE.301048
4522,SZSE.301049
4523,SZSE.301050
4524,SZSE.301051
4525,SZSE.301052
4526,SZSE.301053
4527,SZSE.301055
4528,SZSE.301056
4529,SZSE.301057
4530,SZSE.301058
4531,SZSE.301059
4532,SZSE.301060
4533,SZSE.301061
4534,SZSE.301062
4535,SZSE.301063
4536,SZSE.301065
4537,SZSE.301066
4538,SZSE.301067
4539,SZSE.301069
4540,SZSE.301070
4541,SZSE.301071
4542,SZSE.301072
4543,SZSE.301073
4544,SZSE.301075
4545,SZSE.301076
4546,SZSE.301077
4547,SZSE.301078
4548,SZSE.301079
4549,SZSE.301080
4550,SZSE.301081
4551,SZSE.301082
4552,SZSE.301083
4553,SZSE.301085
4554,SZSE.301086
4555,SZSE.301087
4556,SZSE.301088
4557,SZSE.301089
4558,SZSE.301090
4559,SZSE.301091
4560,SZSE.301092
4561,SZSE.301093
4562,SZSE.301096
4563,SZSE.301098
4564,SZSE.301099
4565,SZSE.301100
4566,SZSE.301101
4567,SZSE.301108
4568,SZSE.301111
4569,SZSE.301113
4570,SZSE.301118
4571,SZSE.301119
4572,SZSE.301126
4573,SZSE.301127
4574,SZSE.301128
4575,SZSE.301129
4576,SZSE.301133
4577,SZSE.301136
4578,SZSE.301138
4579,SZSE.301149
4580,SZSE.301155
4581,SZSE.301159
4582,SZSE.301166
4583,SZSE.301167
4584,SZSE.301168
4585,SZSE.301169
4586,SZSE.301177
4587,SZSE.301178
4588,SZSE.301179
4589,SZSE.301180
4590,SZSE.301182
4591,SZSE.301185
4592,SZSE.301186
4593,SZSE.301188
4594,SZSE.301189
4595,SZSE.301190
4596,SZSE.301193
4597,SZSE.301196
4598,SZSE.301198
4599,SZSE.301199
4600,SZSE.301211
4601,SZSE.301213
4602,SZSE.301221
