日期,沪深300,中证500,中证500ETF,中证1000,中证1000ETF,国证2000,长周期指数,强弱指数,顶部指数,底部指数
2019-01-02,2969.54,4131.96,3.85,4408.53,2.4,4969.8,9.9,39.6,,
2019-01-03,2964.84,4112.81,3.84,4376.86,2.4,4945.61,12.05,39.6,,
2019-01-04,3035.87,4210.88,3.94,4497.89,2.4,5072.21,28.28,41.4,,
2019-01-07,3054.3,4288.32,4.01,4594.15,2.4,5184.98,46.07,45.6,,
2019-01-08,3047.7,4277.3,4.0,4585.03,2.4,5180.1,43.02,48.3,,
2019-01-09,3078.48,4288.77,4.0,4594.74,2.4,5194.47,57.86,70.6,,
2019-01-10,3072.69,4281.86,4.01,4582.48,2.4,5187.94,54.49,58.9,,
2019-01-11,3094.78,4314.88,4.03,4621.61,2.4,5233.33,52.19,51.0,,
2019-01-14,3067.78,4286.55,4.01,4594.19,2.4,5212.11,39.04,52.5,,
2019-01-15,3127.99,4347.36,4.06,4644.17,2.4,5262.73,59.48,56.6,,
2019-01-16,3128.65,4336.88,4.06,4637.2,2.4,5246.57,63.09,53.4,,
2019-01-17,3111.42,4303.73,4.03,4595.49,2.4,5194.02,64.64,51.8,,
2019-01-18,3168.17,4347.81,4.07,4626.41,2.4,5211.9,76.45,62.9,,
2019-01-21,3185.64,4373.63,4.08,4655.11,2.4,5243.27,82.41,62.9,,
2019-01-22,3143.32,4308.25,4.02,4603.2,2.4,5196.67,70.69,49.2,,
2019-01-23,3141.05,4315.68,4.03,4609.67,2.4,5212.54,65.04,39.1,,
2019-01-24,3158.78,4338.17,4.06,4635.75,2.4,5234.89,71.34,44.7,,
2019-01-25,3184.47,4318.44,4.04,4607.94,2.4,5194.52,81.38,60.9,,
2019-01-28,3183.78,4307.22,4.02,4570.4,2.4,5153.44,82.05,54.9,,
2019-01-29,3193.97,4254.29,3.97,4490.05,2.4,5046.68,76.75,51.0,,
2019-01-30,3168.48,4211.62,3.94,4423.14,2.4,4963.23,70.66,48.0,,
2019-01-31,3201.63,4176.47,3.91,4355.74,2.4,4876.09,71.1,49.3,,
2019-02-01,3247.4,4294.27,4.03,4482.99,2.4,5005.9,73.71,45.3,,
2019-02-11,3306.47,4402.87,4.12,4611.83,2.4,5141.08,78.55,60.9,,
2019-02-12,3330.34,4439.48,4.14,4675.79,2.4,5214.09,93.0,80.1,,
2019-02-13,3397.03,4512.41,4.22,4759.83,2.4,5303.78,96.73,73.9,,
2019-02-14,3402.14,4532.17,4.23,4780.04,2.4,5334.09,98.42,68.5,,
2019-02-15,3338.7,4502.73,4.2,4773.51,2.4,5333.52,94.82,76.2,,
2019-02-18,3445.74,4661.0,4.37,4942.88,2.4,5512.24,99.66,80.2,,
2019-02-19,3439.61,4667.28,4.35,4963.75,2.4,5536.95,98.65,80.3,,
2019-02-20,3451.93,4667.62,4.34,4967.04,2.4,5550.2,98.42,80.2,,
2019-02-21,3442.71,4659.14,4.35,4947.66,2.4,5535.96,98.76,80.3,,
2019-02-22,3520.12,4777.3,4.48,5059.51,2.4,5656.63,99.66,80.7,,
2019-02-25,3729.48,5044.35,4.78,5324.25,2.4,5933.07,99.66,80.7,,
2019-02-26,3684.69,5038.54,4.72,5323.76,2.4,5921.72,99.66,80.7,,
2019-02-27,3678.39,5017.88,4.68,5310.27,2.4,5911.48,99.1,80.7,,
2019-02-28,3669.37,5025.29,4.69,5330.34,2.4,5935.11,97.29,80.1,,
2019-03-01,3749.71,5067.23,4.74,5364.37,2.4,5966.2,97.74,79.3,,
2019-03-04,3794.1,5158.25,4.81,5482.3,2.4,6078.61,98.87,79.0,,
2019-03-05,3816.01,5295.29,4.95,5654.31,2.4,6260.11,98.87,78.4,,
2019-03-06,3848.09,5390.03,5.04,5776.97,2.4,6396.22,98.76,78.6,,
2019-03-07,3808.85,5458.62,5.09,5877.3,2.4,6517.21,97.64,79.1,,
2019-03-08,3657.58,5245.7,4.92,5633.32,2.4,6228.19,94.61,79.9,,
2019-03-11,3729.95,5456.38,5.1,5876.34,2.4,6504.54,91.91,79.5,,
2019-03-12,3755.35,5551.0,5.18,6006.18,2.4,6646.87,91.34,79.7,,
2019-03-13,3724.19,5424.86,5.06,5866.63,2.4,6522.47,88.77,79.1,,
2019-03-14,3698.49,5298.5,4.94,5688.95,2.4,6319.97,84.14,76.4,,
2019-03-15,3745.01,5359.01,4.99,5777.11,2.4,6422.98,83.46,72.8,,
2019-03-18,3851.75,5501.18,5.15,5916.34,2.4,6559.59,82.11,70.0,,
2019-03-19,3833.96,5522.18,5.14,5941.91,2.4,6597.81,80.09,58.9,,
2019-03-20,3835.44,5515.79,5.15,5926.17,2.4,6598.32,77.72,56.8,,
2019-03-21,3836.89,5589.48,5.2,5990.64,2.4,6683.36,80.76,62.9,,
2019-03-22,3833.8,5622.14,5.26,6014.55,2.4,6727.55,78.3,58.9,,
2019-03-25,3742.83,5549.67,5.18,5961.44,2.4,6681.53,70.54,58.9,,
2019-03-26,3700.44,5394.88,5.03,5788.36,2.4,6497.88,65.48,56.2,,
2019-03-27,3743.39,5447.88,5.09,5826.53,2.4,6542.89,64.9,55.5,,
2019-03-28,3728.4,5370.12,5.02,5747.86,2.4,6444.85,61.31,51.5,,
2019-03-29,3872.34,5547.66,5.19,5911.21,2.4,6609.93,66.92,49.2,,
2019-04-01,3973.93,5757.84,5.39,6137.73,2.4,6857.73,75.05,72.3,,
2019-04-02,3971.29,5775.55,5.39,6174.94,2.4,6906.07,74.95,72.3,,
2019-04-03,4022.16,5836.04,5.45,6237.02,2.4,6979.22,72.36,71.8,,
2019-04-04,4062.23,5871.56,5.5,6260.07,2.4,7006.36,71.23,66.7,,
2019-04-08,4057.23,5847.63,5.44,6230.21,2.4,6990.65,74.5,72.3,,
2019-04-09,4075.43,5858.05,5.46,6245.43,2.4,7021.79,66.39,56.8,,
2019-04-10,4085.85,5850.76,5.45,6235.71,2.4,7022.73,60.32,52.9,,
2019-04-11,3997.58,5727.17,5.36,6106.95,2.4,6902.48,55.04,52.4,,
2019-04-12,3988.62,5714.37,5.34,6101.2,2.4,6898.76,49.04,54.1,,
2019-04-15,3975.52,5655.98,5.27,6052.05,2.4,6844.24,42.19,46.7,,
2019-04-16,4085.79,5777.01,5.4,6179.8,2.4,6981.92,45.58,42.9,,
2019-04-17,4087.24,5807.73,5.41,6234.11,2.4,7059.38,46.49,40.7,,
2019-04-18,4072.08,5775.17,5.39,6202.84,2.4,7018.31,40.97,38.8,,
2019-04-19,4120.61,5810.18,5.44,6255.25,2.4,7070.34,37.69,39.0,,
2019-04-22,4025.61,5723.04,5.35,6192.14,2.4,6995.98,33.44,39.0,,
2019-04-23,4019.01,5628.06,5.25,6078.27,2.4,6857.91,32.76,39.4,,
2019-04-24,4030.09,5679.73,5.3,6153.39,2.4,6930.59,34.53,40.2,,
2019-04-25,3941.82,5458.42,5.11,5899.91,2.4,6636.04,23.87,41.3,,
2019-04-26,3889.27,5408.03,5.06,5834.38,2.4,6549.28,22.63,43.3,,
2019-04-29,3900.33,5265.6,4.94,5622.48,2.4,6295.58,15.55,45.6,,
2019-04-30,3913.21,5307.56,4.95,5682.24,2.4,6360.0,10.15,47.5,,
2019-05-06,3684.62,4908.8,4.59,5246.83,2.4,5875.74,7.34,47.8,,
2019-05-07,3720.67,4973.4,4.63,5312.5,2.4,5964.74,7.68,48.7,,
2019-05-08,3667.46,4947.74,4.61,5292.75,2.4,5954.54,3.95,48.7,,
2019-05-09,3599.7,4888.41,4.57,5237.82,2.4,5909.22,2.82,48.7,,
2019-05-10,3730.45,5064.32,4.73,5445.53,2.4,6129.69,5.3,47.7,,
2019-05-13,3668.73,5005.9,4.66,5405.61,2.4,6105.7,4.63,47.7,,
2019-05-14,3645.15,4965.61,4.64,5368.23,2.4,6067.76,3.72,47.7,,
2019-05-15,3727.09,5076.56,4.73,5486.39,2.4,6211.66,5.63,46.7,,
2019-05-16,3743.96,5108.36,4.78,5527.27,2.4,6248.02,6.19,45.5,,
2019-05-17,3648.76,4942.58,4.63,5330.99,2.4,6020.78,4.63,44.8,,
2019-05-20,3617.79,4923.56,4.59,5313.15,2.4,6001.47,2.6,44.4,,
2019-05-21,3666.78,5009.87,4.67,5418.05,2.4,6113.32,2.81,44.1,,
2019-05-22,3649.38,4976.39,4.65,5395.43,2.4,6081.16,2.71,44.4,,
2019-05-23,3583.96,4872.92,4.56,5267.83,2.4,5938.8,1.8,45.3,,
2019-05-24,3593.91,4841.76,4.54,5200.77,2.4,5880.13,2.02,47.0,,
2019-05-27,3637.2,4962.95,4.64,5354.63,2.4,6051.63,3.7,47.3,,
2019-05-28,3672.26,4955.49,4.63,5354.53,2.4,6062.22,10.69,46.3,,
2019-05-29,3663.91,4956.86,4.63,5376.51,2.4,6085.06,10.46,46.3,,
2019-05-30,3641.18,4926.4,4.62,5341.98,2.4,6042.68,8.2,46.0,,
2019-05-31,3629.79,4912.0,4.59,5334.25,2.4,6031.37,8.2,45.3,,
2019-06-03,3632.01,4853.82,4.56,5255.07,2.4,5939.12,15.39,43.8,,
2019-06-04,3598.47,4795.41,4.5,5160.98,2.4,5833.96,13.37,44.8,,
2019-06-05,3597.11,4783.82,4.48,5158.47,2.4,5837.21,13.13,45.1,,
2019-06-06,3564.68,4678.78,4.38,5030.8,2.4,5683.37,13.13,45.8,,
2019-06-10,3610.74,4725.26,4.43,5098.94,2.4,5749.77,11.11,46.5,,
2019-06-11,3719.28,4901.47,4.61,5289.62,2.4,5965.84,23.28,47.1,,
2019-06-12,3691.1,4863.49,4.56,5264.89,2.4,5940.22,29.83,46.8,,
2019-06-13,3685.39,4877.65,4.58,5294.11,2.4,5981.39,24.42,44.9,,
2019-06-14,3654.88,4795.53,4.51,5173.07,2.4,5840.44,15.85,42.7,,
2019-06-17,3654.82,4802.82,4.51,5160.67,2.4,5839.93,14.71,42.7,,
2019-06-18,3667.62,4797.15,4.49,5160.88,2.4,5834.12,16.5,44.0,,
2019-06-19,3715.94,4858.92,4.55,5234.28,2.4,5918.59,20.11,42.8,,
2019-06-20,3828.52,4954.73,4.65,5317.31,2.4,6004.69,37.82,60.9,,
2019-06-21,3833.94,5021.31,4.71,5406.04,2.4,6108.14,48.5,68.8,,
2019-06-24,3841.27,5024.2,4.71,5403.8,2.4,6104.28,47.48,58.9,,
2019-06-25,3801.31,4974.99,4.66,5351.69,2.4,6043.92,33.87,58.9,,
2019-06-26,3794.33,4962.59,4.66,5351.39,2.4,6036.1,25.97,52.9,,
2019-06-27,3834.82,5007.48,4.7,5397.57,2.4,6072.54,26.74,53.3,,
2019-06-28,3825.59,4950.48,4.66,5321.43,2.4,5982.18,27.54,47.7,,
2019-07-01,3935.81,5100.26,4.78,5481.41,2.4,6158.79,46.69,74.0,,
2019-07-02,3937.17,5084.41,4.77,5483.52,2.4,6155.92,54.13,68.8,,
2019-07-03,3893.53,5040.72,4.74,5428.51,2.4,6094.18,47.24,58.9,,
2019-07-04,3873.1,5025.02,4.72,5404.38,2.4,6072.96,39.79,39.1,,
2019-07-05,3893.2,5042.66,4.74,5424.25,2.4,6092.92,37.61,47.0,,
2019-07-08,3802.79,4870.78,4.58,5244.27,2.4,5879.41,27.42,49.6,,
2019-07-09,3793.13,4881.62,4.58,5260.34,2.4,5904.54,21.68,44.7,,
2019-07-10,3786.74,4843.86,4.56,5214.64,2.4,5862.32,19.42,42.5,,
2019-07-11,3785.22,4844.55,4.56,5206.4,2.4,5860.79,20.77,44.2,,
2019-07-12,3808.73,4861.57,4.58,5219.19,2.4,5877.47,24.13,45.4,,
2019-07-15,3824.19,4925.32,4.63,5273.81,2.4,5934.01,26.5,45.8,,
2019-07-16,3806.84,4932.05,4.64,5285.23,2.4,5950.27,27.63,45.5,,
2019-07-17,3804.64,4929.08,4.63,5289.42,2.4,5955.02,24.82,44.4,,
2019-07-18,3768.4,4844.11,4.57,5194.6,2.4,5845.41,23.7,43.3,,
2019-07-19,3807.96,4878.69,4.59,5220.03,2.4,5871.54,27.51,42.0,,
2019-07-22,3781.68,4776.57,4.51,5073.33,2.4,5689.85,26.73,42.4,,
2019-07-23,3789.91,4823.92,4.54,5131.1,2.4,5766.38,26.83,43.6,,
2019-07-24,3819.83,4873.03,4.58,5194.83,2.4,5841.79,29.08,43.4,,
2019-07-25,3851.07,4891.64,4.6,5211.09,2.4,5858.86,33.6,42.9,,
2019-07-26,3858.57,4898.11,4.61,5216.6,2.4,5861.75,33.02,43.2,,
2019-07-29,3854.27,4897.02,4.61,5218.98,2.4,5860.83,25.59,44.3,,
2019-07-30,3870.32,4922.92,4.64,5239.72,2.4,5884.15,30.89,42.4,,
2019-07-31,3835.36,4903.2,4.63,5200.09,2.4,5843.83,32.13,43.2,,
2019-08-01,3803.47,4870.47,4.59,5173.23,2.4,5820.27,29.53,43.7,,
2019-08-02,3747.44,4809.92,4.53,5091.06,2.4,5722.66,32.73,43.7,,
2019-08-05,3675.69,4751.98,4.48,5032.64,2.4,5662.21,34.42,43.0,,
2019-08-06,3636.33,4650.56,4.38,4899.82,2.4,5493.2,34.46,46.8,,
2019-08-07,3621.43,4626.36,4.36,4885.44,2.4,5471.95,30.85,46.5,,
2019-08-08,3669.29,4656.1,4.38,4923.33,2.4,5501.5,24.95,45.8,,
2019-08-09,3633.53,4600.35,4.34,4869.79,2.4,5437.34,25.52,44.5,,
2019-08-12,3699.1,4685.04,4.42,4952.22,2.4,5535.97,31.02,43.6,,
2019-08-13,3665.75,4658.39,4.39,4928.46,2.4,5506.52,23.02,41.4,,
2019-08-14,3682.4,4683.84,4.41,4961.75,2.4,5541.51,33.39,40.9,,
2019-08-15,3694.0,4706.55,4.43,4985.42,2.4,5562.82,41.84,42.4,,
2019-08-16,3710.54,4722.66,4.45,5013.58,2.4,5591.46,43.54,46.2,,
2019-08-19,3791.09,4875.04,4.61,5173.18,2.4,5763.43,69.55,74.0,,
2019-08-20,3787.73,4872.61,4.59,5185.27,2.4,5780.53,70.91,75.5,,
2019-08-21,3781.76,4882.72,4.6,5186.62,2.4,5787.26,66.51,73.9,,
2019-08-22,3793.51,4887.91,4.6,5208.55,2.4,5816.88,61.2,68.7,,
2019-08-23,3820.86,4887.9,4.61,5197.55,2.4,5799.39,62.77,71.5,,
2019-08-26,3765.91,4855.46,4.57,5168.68,2.4,5763.35,62.91,70.8,,
2019-08-27,3816.95,4936.12,4.64,5266.66,2.4,5872.73,71.68,71.5,,
2019-08-28,3802.58,4928.19,4.64,5256.18,2.4,5873.82,74.72,71.8,,
2019-08-29,3790.19,4934.18,4.65,5260.95,2.4,5871.59,73.13,73.7,,
2019-08-30,3799.59,4886.49,4.61,5182.96,2.4,5776.92,78.42,75.7,,
2019-09-02,3848.32,5008.3,4.72,5317.53,2.4,5923.57,87.3,77.7,,
2019-09-03,3853.61,5044.18,4.75,5357.06,2.4,5968.25,91.34,78.1,,
2019-09-04,3886.0,5093.27,4.82,5394.71,2.4,6016.04,95.17,79.4,,
2019-09-05,3925.32,5138.41,4.85,5445.57,2.4,6070.31,97.31,80.8,,
2019-09-06,3948.51,5154.64,4.86,5468.46,2.4,6097.01,98.99,80.7,,
2019-09-09,3972.95,5263.46,4.96,5602.24,2.4,6236.97,98.53,80.5,,
2019-09-10,3959.27,5245.31,4.95,5614.58,2.4,6255.8,99.44,80.2,,
2019-09-11,3930.1,5217.29,4.93,5566.41,2.4,6214.12,96.39,79.6,,
2019-09-12,3972.38,5242.61,4.94,5592.92,2.4,6247.61,95.6,78.3,,
2019-09-16,3957.72,5250.34,4.95,5627.24,2.4,6278.35,92.9,77.3,,
2019-09-17,3891.22,5140.45,4.84,5492.22,2.4,6128.64,89.2,76.4,,
2019-09-18,3910.08,5141.04,4.85,5485.88,2.4,6130.17,86.59,72.8,,
2019-09-19,3924.38,5191.67,4.89,5550.41,2.4,6202.5,83.31,54.9,,
2019-09-20,3935.65,5204.48,4.9,5556.48,2.4,6208.86,84.9,64.9,,
2019-09-23,3890.66,5171.48,4.88,5501.21,2.4,6154.23,83.67,56.8,,
2019-09-24,3901.08,5180.74,4.88,5528.89,2.4,6171.2,85.13,64.9,,
2019-09-25,3870.98,5087.01,4.8,5421.62,2.4,6047.29,80.87,60.9,,
2019-09-26,3841.14,4970.24,4.69,5244.08,2.4,5851.46,78.96,62.9,,
2019-09-27,3852.65,5005.63,4.72,5291.44,2.4,5909.25,72.74,38.2,,
2019-09-30,3814.53,4940.9,4.65,5232.39,2.4,5844.6,61.12,39.2,,
2019-10-08,3837.68,4941.76,4.66,5237.18,2.4,5855.72,54.27,39.4,,
2019-10-09,3843.24,4982.95,4.7,5285.15,2.4,5917.86,54.95,44.6,,
2019-10-10,3874.64,5046.36,4.75,5366.93,2.4,6000.1,60.14,39.6,,
2019-10-11,3911.73,5055.52,4.78,5370.65,2.4,6010.84,61.29,39.6,,
2019-10-14,3953.24,5131.13,4.83,5455.61,2.4,6105.64,69.62,40.4,,
2019-10-15,3936.25,5061.0,4.77,5375.53,2.4,6035.13,63.56,40.3,,
2019-10-16,3922.69,5038.36,4.74,5353.02,2.4,6001.66,57.8,39.6,,
2019-10-17,3925.22,5029.85,4.75,5347.27,2.4,5993.6,54.96,39.9,,
2019-10-18,3869.38,4961.81,4.68,5280.53,2.4,5918.38,48.67,40.1,,
2019-10-21,3880.84,4951.04,4.67,5247.3,2.4,5890.51,48.67,39.8,,
2019-10-22,3895.88,5005.55,4.71,5312.46,2.4,5964.59,51.12,41.6,,
2019-10-23,3871.08,4967.19,4.69,5269.72,2.4,5926.51,43.48,43.8,,
2019-10-24,3870.67,4958.25,4.68,5259.45,2.4,5919.75,39.44,45.7,,
2019-10-25,3896.79,4994.57,4.72,5300.09,2.4,5957.28,43.05,46.0,,
2019-10-28,3926.59,5084.47,4.78,5425.75,2.4,6080.54,61.62,46.0,,
2019-10-29,3910.23,5007.71,4.72,5366.75,2.4,5998.3,63.8,45.9,,
2019-10-30,3891.23,4947.9,4.67,5313.42,2.4,5923.87,64.34,44.4,,
2019-10-31,3886.75,4917.42,4.64,5253.88,2.4,5846.33,66.1,42.3,,
2019-11-01,3952.39,4962.35,4.69,5303.99,2.4,5900.7,65.63,41.9,,
2019-11-04,3978.12,4987.84,4.7,5337.08,2.4,5922.56,70.92,41.5,,
2019-11-05,4002.81,5025.3,4.73,5352.06,2.4,5926.08,73.18,39.8,,
2019-11-06,3984.88,4974.73,4.69,5304.84,2.4,5867.66,69.46,39.3,,
2019-11-07,3991.87,5007.07,4.72,5340.17,2.4,5911.59,61.68,39.1,,
2019-11-08,3973.01,4988.29,4.71,5321.78,2.4,5894.87,57.75,39.1,,
2019-11-11,3902.98,4876.16,4.6,5183.57,2.4,5743.32,45.52,38.8,,
2019-11-12,3903.69,4881.61,4.6,5196.72,2.4,5761.9,44.94,38.6,,
2019-11-13,3899.98,4875.54,4.6,5181.49,2.4,5736.29,40.19,39.7,,
2019-11-14,3905.86,4912.11,4.63,5216.64,2.4,5774.03,42.78,40.3,,
2019-11-15,3877.09,4868.44,4.6,5152.56,2.4,5693.91,47.4,40.3,,
2019-11-18,3907.93,4892.46,4.62,5189.35,2.4,5738.26,49.97,41.3,,
2019-11-19,3947.04,4975.11,4.69,5286.15,2.4,5839.68,53.8,41.0,,
2019-11-20,3907.86,4946.28,4.66,5259.47,2.4,5803.7,56.86,40.5,,
2019-11-21,3889.6,4945.72,4.67,5250.67,2.4,5795.71,51.56,40.3,,
2019-11-22,3849.99,4904.08,4.62,5181.11,2.4,5734.74,47.54,42.2,,
2019-11-25,3878.21,4901.5,4.62,5151.37,2.4,5701.45,50.04,42.7,,
2019-11-26,3891.65,4882.16,4.61,5147.73,2.4,5694.71,52.59,43.0,,
2019-11-27,3875.62,4904.26,4.63,5145.97,2.4,5694.04,48.96,42.8,,
2019-11-28,3862.3,4889.26,4.62,5131.13,2.4,5679.25,45.79,44.7,,
2019-11-29,3828.67,4894.94,4.62,5126.61,2.4,5684.26,36.7,44.7,,
2019-12-02,3836.06,4905.42,4.63,5137.78,2.4,5691.53,37.16,44.7,,
2019-12-03,3851.09,4926.45,4.65,5171.36,2.4,5728.19,38.4,45.7,,
2019-12-04,3849.82,4920.67,4.64,5179.69,2.4,5731.42,41.99,46.1,,
2019-12-05,3879.36,4967.6,4.69,5238.13,2.4,5796.18,52.37,45.1,,
2019-12-06,3902.39,5010.51,4.73,5275.51,2.4,5832.95,63.07,45.4,,
2019-12-09,3895.45,5024.6,4.74,5294.28,2.4,5850.14,75.32,62.9,,
2019-12-10,3900.38,5049.05,4.77,5326.36,2.4,5880.52,79.72,68.8,,
2019-12-11,3902.75,5027.28,4.75,5304.88,2.4,5868.53,80.62,66.8,,
2019-12-12,3891.02,5012.0,4.74,5304.42,2.4,5860.21,77.36,63.7,,
2019-12-13,3968.22,5073.69,4.8,5375.98,2.4,5925.43,89.53,70.0,,
2019-12-16,3987.55,5166.04,4.88,5476.99,2.4,6034.19,94.28,73.6,,
2019-12-17,4041.8,5236.06,4.95,5545.62,2.4,6107.95,94.28,76.0,,
2019-12-18,4032.78,5235.13,4.95,5543.79,2.4,6119.96,95.29,78.3,,
2019-12-19,4027.15,5241.74,4.96,5568.11,2.4,6157.2,94.49,80.3,,
2019-12-20,4017.25,5184.68,4.91,5501.16,2.4,6088.59,93.36,79.5,,
2019-12-23,3967.1,5084.35,4.8,5377.09,2.4,5953.3,89.43,78.5,,
2019-12-24,3992.96,5162.07,4.87,5471.74,2.4,6050.54,85.25,76.1,,
2019-12-25,3990.87,5183.1,4.9,5504.42,2.4,6078.25,84.45,74.2,,
2019-12-26,4025.99,5219.14,4.93,5543.66,2.4,6126.59,88.4,72.5,,
2019-12-27,4022.03,5179.19,4.89,5498.93,2.4,6076.85,91.79,72.2,,
2019-12-30,4081.63,5241.94,4.96,5530.0,2.4,6102.17,93.59,72.7,,
2019-12-31,4096.58,5267.66,4.98,5567.03,2.4,6141.69,90.21,73.4,,
2020-01-02,4152.24,5366.14,5.08,5676.56,2.4,6262.91,96.18,75.3,,
2020-01-03,4144.96,5380.64,5.09,5706.04,2.4,6299.53,96.97,77.2,,
2020-01-06,4129.3,5434.85,5.14,5764.73,2.4,6354.84,96.3,78.3,,
2020-01-07,4160.23,5499.84,5.21,5852.36,2.4,6447.96,96.97,78.7,,
2020-01-08,4112.32,5423.8,5.14,5772.47,2.4,6355.39,94.05,80.2,,
2020-01-09,4164.37,5497.54,5.2,5864.18,2.4,6461.29,94.94,79.8,,
2020-01-10,4163.18,5480.23,5.18,5851.89,2.4,6449.2,93.01,77.9,,
2020-01-13,4203.99,5559.63,5.27,5926.72,2.4,6524.57,91.44,75.5,,
2020-01-14,4189.89,5542.33,5.24,5914.11,2.4,6527.43,89.65,74.3,,
2020-01-15,4166.73,5530.03,5.23,5913.52,2.4,6512.46,84.14,71.3,,
2020-01-16,4149.04,5527.67,5.23,5902.13,2.4,6491.79,80.98,68.2,,
2020-01-17,4154.85,5510.05,5.2,5879.41,2.4,6465.64,78.5,56.8,,
2020-01-20,4185.83,5587.54,5.29,5954.87,2.4,6544.41,86.15,64.9,,
2020-01-21,4114.31,5523.94,5.23,5901.86,2.4,6480.6,85.15,64.9,,
2020-01-22,4131.93,5575.51,5.27,5919.59,2.4,6489.16,83.25,66.8,,
2020-01-23,4003.9,5377.74,5.07,5699.01,2.4,6258.28,72.38,67.3,,
2020-02-03,3688.36,4910.9,4.66,5200.16,2.4,5708.71,54.04,47.5,,
2020-02-04,3785.64,4996.47,4.74,5212.1,2.4,5687.71,59.01,80.8,,
2020-02-05,3828.53,5123.96,4.84,5348.34,2.4,5855.92,61.28,80.8,,
2020-02-06,3899.78,5282.89,4.99,5515.64,2.4,6030.71,68.69,80.8,,
2020-02-07,3899.87,5327.04,5.03,5583.6,2.4,6106.33,63.3,74.2,,
2020-02-10,3916.01,5388.44,5.08,5661.56,2.4,6196.11,61.05,80.7,,
2020-02-11,3952.46,5361.28,5.06,5623.26,2.4,6143.17,58.01,79.9,,
2020-02-12,3984.43,5459.95,5.16,5754.26,2.4,6252.84,58.12,78.5,,
2020-02-13,3959.92,5412.84,5.12,5707.53,2.4,6191.9,60.14,77.7,,
2020-02-14,3987.73,5420.8,5.12,5727.83,2.4,6206.12,56.66,76.3,,
2020-02-17,4077.42,5594.44,5.3,5936.48,2.4,6430.48,69.46,76.3,,
2020-02-18,4057.51,5660.81,5.34,6072.19,2.4,6582.13,66.67,77.1,,
2020-02-19,4051.31,5603.26,5.3,6018.05,2.4,6540.88,66.33,78.5,,
2020-02-20,4144.66,5706.71,5.4,6134.39,2.4,6660.57,74.75,79.3,,
2020-02-21,4149.49,5784.03,5.48,6243.48,2.4,6751.53,73.74,80.7,,
2020-02-24,4132.84,5865.47,5.53,6380.41,2.4,6887.55,73.74,80.8,,
2020-02-25,4123.85,5897.72,5.57,6407.14,2.4,6899.14,69.02,80.8,,
2020-02-26,4073.02,5743.39,5.43,6221.83,2.4,6739.37,68.35,80.7,,
2020-02-27,4084.88,5753.73,5.43,6232.09,2.4,6751.43,63.96,80.1,,
2020-02-28,3940.05,5451.29,5.16,5870.97,2.4,6367.75,55.42,79.3,,
2020-03-02,4069.67,5656.42,5.35,6113.41,2.4,6645.63,70.35,78.0,,
2020-03-03,4091.36,5710.02,5.38,6195.89,2.4,6740.57,70.24,77.2,,
2020-03-04,4115.05,5716.51,5.4,6226.53,2.4,6797.29,67.76,74.9,,
2020-03-05,4206.73,5801.12,5.47,6315.83,2.4,6912.9,67.76,74.1,,
2020-03-06,4138.51,5763.86,5.44,6296.74,2.4,6901.29,63.71,71.7,,
2020-03-09,3997.13,5525.82,5.24,6049.62,2.4,6660.69,50.12,71.0,,
2020-03-10,4082.73,5675.11,5.35,6206.41,2.4,6811.76,58.23,69.8,,
2020-03-11,4028.43,5589.53,5.27,6122.91,2.4,6741.91,47.87,58.9,,
2020-03-12,3950.91,5493.88,5.21,5999.64,2.4,6609.32,42.69,51.0,,
2020-03-13,3895.31,5457.2,5.17,5945.46,2.4,6529.05,37.75,54.3,,
2020-03-16,3727.84,5200.11,4.92,5657.77,2.4,6251.48,24.63,57.6,,
2020-03-17,3709.68,5212.06,4.93,5642.92,2.4,6232.61,20.9,51.9,,
2020-03-18,3636.26,5119.47,4.85,5556.11,2.4,6135.84,18.64,48.3,,
2020-03-19,3589.09,5157.82,4.9,5617.19,2.4,6203.32,18.64,45.9,,
2020-03-20,3653.22,5219.28,4.93,5670.47,2.4,6279.2,15.36,43.1,,
2020-03-23,3530.31,4998.91,4.73,5416.57,2.4,6020.28,10.73,40.1,,
2020-03-24,3625.11,5096.04,4.8,5517.26,2.4,6130.2,10.84,39.8,,
2020-03-25,3722.52,5217.42,4.92,5646.63,2.4,6275.39,14.22,39.6,,
2020-03-26,3698.05,5166.11,4.87,5595.43,2.4,6214.54,10.72,40.7,,
2020-03-27,3710.06,5137.34,4.85,5553.61,2.4,6174.83,8.67,42.4,,
2020-03-30,3674.11,5027.49,4.76,5415.41,2.4,6031.33,5.41,43.9,,
2020-03-31,3686.16,5041.45,4.76,5427.13,2.4,6037.76,3.49,45.8,,
2020-04-01,3675.08,5019.22,4.74,5403.3,2.4,6005.87,3.6,47.7,,
2020-04-02,3734.53,5147.2,4.88,5538.6,2.4,6148.3,5.51,48.0,,
2020-04-03,3713.22,5107.04,4.82,5507.12,2.4,6117.58,4.94,48.4,,
2020-04-07,3798.02,5267.07,4.96,5695.17,2.4,6330.31,16.54,46.8,,
2020-04-08,3780.34,5271.8,4.98,5718.13,2.4,6358.95,20.28,44.9,,
2020-04-09,3792.81,5322.46,5.03,5789.26,2.4,6422.17,16.77,43.2,,
2020-04-10,3769.18,5208.51,4.93,5637.53,2.4,6243.99,17.78,42.0,,
2020-04-13,3753.26,5169.18,4.88,5578.86,2.4,6197.25,12.24,42.0,,
2020-04-14,3825.7,5288.59,4.99,5692.0,2.4,6311.16,25.59,43.2,,
2020-04-15,3797.36,5268.75,4.98,5657.95,2.4,6272.33,29.1,43.4,,
2020-04-16,3802.38,5316.97,5.02,5700.96,2.4,6301.18,35.05,43.4,,
2020-04-17,3839.49,5318.45,5.02,5710.05,2.4,6303.63,43.17,43.2,,
2020-04-20,3853.46,5381.79,5.08,5803.4,2.4,6401.73,40.81,41.1,,
2020-04-21,3808.05,5343.88,5.05,5773.01,2.4,6379.94,42.12,39.5,,
2020-04-22,3839.38,5387.62,5.09,5826.56,2.4,6442.22,37.85,39.3,,
2020-04-23,3829.75,5357.79,5.07,5789.48,2.4,6407.31,31.8,38.8,,
2020-04-24,3796.97,5273.55,4.99,5675.51,2.4,6273.99,32.93,38.7,,
2020-04-27,3822.77,5265.72,4.98,5645.66,2.4,6229.25,28.97,40.5,,
2020-04-28,3849.15,5227.85,4.94,5561.2,2.4,6096.76,34.26,40.5,,
2020-04-29,3867.03,5226.81,4.95,5547.63,2.4,6084.19,33.36,42.0,,
2020-04-30,3912.58,5353.86,5.07,5678.17,2.4,6214.6,39.87,42.0,,
2020-05-06,3936.25,5451.32,5.15,5802.42,2.4,6340.25,47.34,44.5,,
2020-05-07,3924.89,5445.75,5.14,5795.87,2.4,6333.52,46.33,43.8,,
2020-05-08,3963.62,5507.7,5.21,5862.77,2.4,6405.95,40.59,45.7,,
2020-05-11,3960.18,5496.19,5.19,5851.8,2.4,6407.78,44.64,46.0,,
2020-05-12,3960.24,5512.46,5.2,5869.51,2.4,6407.84,37.43,46.1,,
2020-05-13,3968.25,5536.28,5.23,5917.03,2.4,6448.9,37.49,44.0,,
2020-05-14,3925.22,5487.11,5.2,5863.24,2.4,6387.31,34.02,42.9,,
2020-05-15,3912.82,5507.93,5.21,5889.98,2.4,6412.68,31.13,41.0,,
2020-05-18,3922.91,5478.82,5.18,5860.04,2.4,6383.93,44.09,60.9,,
2020-05-19,3956.25,5547.88,5.24,5936.6,2.4,6466.94,49.83,44.4,,
2020-05-20,3935.22,5489.7,5.2,5865.84,2.4,6404.88,42.4,51.0,,
2020-05-21,3913.79,5426.17,5.14,5791.64,2.4,6332.22,38.46,44.8,,
2020-05-22,3824.06,5328.23,5.05,5684.0,2.4,6220.37,29.66,46.7,,
2020-05-25,3829.32,5316.6,5.03,5671.97,2.4,6214.59,24.92,44.4,,
2020-05-26,3872.77,5420.21,5.12,5808.55,2.4,6351.83,28.62,45.4,,
2020-05-27,3845.61,5369.5,5.09,5772.08,2.4,6327.06,30.76,44.4,,
2020-05-28,3856.63,5361.17,5.08,5758.93,2.4,6304.07,31.89,45.5,,
2020-05-29,3867.02,5406.34,5.12,5816.4,2.4,6358.06,35.93,46.8,,
2020-06-01,3971.34,5569.48,5.29,5993.79,2.4,6550.17,59.71,76.8,,
2020-06-02,3983.57,5566.44,5.29,6002.84,2.4,6570.06,65.95,80.8,,
2020-06-03,3983.65,5572.31,5.28,5994.64,2.4,6576.11,62.14,79.5,,
2020-06-04,3982.19,5576.75,5.29,6006.76,2.4,6590.5,61.67,70.4,,
2020-06-05,4001.25,5585.42,5.3,6015.33,2.4,6583.12,46.21,45.9,,
2020-06-08,4021.95,5575.3,5.33,6001.43,2.4,6567.67,52.41,56.8,,
2020-06-09,4047.03,5610.38,5.33,6042.34,2.4,6604.63,55.21,47.8,,
2020-06-10,4039.71,5615.24,5.33,6049.32,2.4,6601.21,46.98,50.1,,
2020-06-11,3995.88,5589.1,5.32,6027.41,2.4,6583.92,59.17,70.6,,
2020-06-12,4003.08,5591.49,5.32,6031.17,2.4,6591.57,68.99,78.1,,
2020-06-15,3954.99,5590.64,5.31,6028.96,2.4,6592.0,65.63,75.9,,
2020-06-16,4014.57,5695.3,5.41,6151.69,2.4,6716.17,72.26,68.8,,
2020-06-17,4017.59,5735.42,5.45,6178.14,2.4,6749.43,74.39,76.8,,
2020-06-18,4044.38,5734.4,5.47,6149.29,2.4,6725.49,81.7,78.7,,
2020-06-19,4098.71,5787.15,5.51,6187.11,2.4,6753.42,87.99,79.2,,
2020-06-22,4102.05,5784.03,5.5,6228.02,2.4,6781.15,88.89,79.6,,
2020-06-23,4121.79,5804.34,5.53,6238.9,2.4,6774.26,87.99,80.0,,
2020-06-24,4138.99,5789.09,5.53,6227.57,2.4,6744.68,85.5,79.1,,
2020-06-29,4109.72,5762.44,5.5,6211.38,2.4,6718.09,81.66,76.9,,
2020-06-30,4163.96,5864.42,5.58,6319.56,2.4,6830.19,83.13,74.8,,
2020-07-01,4247.78,5881.89,5.61,6339.37,2.4,6858.5,86.2,74.8,,
2020-07-02,4335.84,5975.28,5.71,6413.95,2.4,6936.65,90.24,75.0,,
2020-07-03,4419.6,6051.51,5.79,6478.35,2.4,7003.69,93.94,76.4,,
2020-07-06,4670.09,6299.85,6.06,6726.0,2.4,7259.95,95.96,78.8,,
2020-07-07,4698.13,6380.03,6.12,6817.87,2.4,7353.74,96.97,80.8,,
2020-07-08,4774.0,6535.42,6.24,6974.0,2.4,7512.97,96.74,80.7,,
2020-07-09,4840.77,6693.75,6.41,7182.18,2.4,7722.6,96.51,80.7,,
2020-07-10,4753.13,6676.44,6.4,7150.42,2.4,7688.81,97.31,80.5,,
2020-07-13,4852.96,6899.52,6.6,7403.09,2.4,7962.11,96.62,80.4,,
2020-07-14,4806.69,6807.73,6.52,7344.99,2.4,7909.14,95.62,80.4,,
2020-07-15,4744.47,6638.84,6.38,7131.46,2.4,7686.62,91.9,79.5,,
2020-07-16,4516.25,6320.0,6.06,6758.14,2.4,7313.06,88.3,77.8,,
2020-07-17,4544.7,6344.59,6.07,6772.53,2.4,7333.16,87.51,75.5,,
2020-07-20,4680.3,6526.83,6.24,7003.67,2.4,7594.44,86.94,72.9,,
2020-07-21,4691.04,6563.32,6.28,7058.79,2.4,7638.95,83.79,69.7,,
2020-07-22,4714.45,6620.69,6.34,7125.57,2.4,7691.27,84.91,67.6,,
2020-07-23,4712.44,6620.09,6.33,7119.67,2.4,7676.97,83.91,66.5,,
2020-07-24,4505.59,6283.98,6.03,6784.63,2.4,7330.51,78.19,66.5,,
2020-07-27,4528.45,6298.73,6.03,6786.53,2.4,7332.21,75.14,54.9,,
2020-07-28,4568.26,6359.66,6.09,6857.94,2.4,7417.57,73.67,51.0,,
2020-07-29,4679.01,6530.27,6.26,7060.53,2.4,7619.31,76.7,52.9,,
2020-07-30,4656.15,6511.44,6.24,7048.98,2.4,7613.22,73.22,56.5,,
2020-07-31,4695.05,6579.67,6.31,7141.59,2.4,7719.15,73.22,53.7,,
2020-08-03,4771.31,6739.81,6.46,7373.34,2.4,7966.43,72.91,64.9,,
2020-08-04,4775.8,6697.71,6.42,7326.19,2.4,7901.47,71.35,68.8,,
2020-08-05,4777.11,6772.84,6.48,7427.19,2.4,8001.49,64.94,64.9,,
2020-08-06,4762.76,6770.3,6.5,7432.77,2.4,7999.35,55.96,62.9,,
2020-08-07,4707.93,6688.88,6.42,7339.81,2.4,7905.61,54.27,64.5,,
2020-08-10,4724.87,6725.3,6.45,7358.86,2.4,7950.17,50.22,51.0,,
2020-08-11,4681.78,6600.85,6.33,7213.45,2.4,7794.69,50.77,47.5,,
2020-08-12,4647.64,6528.4,6.25,7092.35,2.4,7705.83,45.03,47.2,,
2020-08-13,4635.71,6552.66,6.28,7113.93,2.4,7745.96,53.2,48.5,,
2020-08-14,4704.63,6623.56,6.37,7183.96,2.4,7805.6,55.55,43.5,,
2020-08-17,4815.23,6744.55,6.46,7339.69,2.4,7973.61,58.15,41.5,,
2020-08-18,4812.76,6789.4,6.51,7410.24,2.4,8053.78,56.47,40.1,,
2020-08-19,4740.68,6666.27,6.4,7256.13,2.4,7918.51,40.97,39.7,,
2020-08-20,4679.15,6593.79,6.33,7151.26,2.4,7816.77,36.02,39.9,,
2020-08-21,4718.84,6643.94,6.37,7194.27,2.4,7863.58,49.36,40.4,,
2020-08-24,4755.85,6688.96,6.41,7253.64,2.4,7928.08,51.27,40.7,,
2020-08-25,4761.95,6652.55,6.37,7213.68,2.4,7893.62,48.24,40.5,,
2020-08-26,4706.13,6525.88,6.27,7037.98,2.4,7713.93,31.97,40.4,,
2020-08-27,4731.35,6578.79,6.32,7113.8,2.4,7811.76,32.63,41.7,,
2020-08-28,4844.27,6691.21,6.43,7204.78,2.4,7893.13,36.78,41.7,,
2020-08-31,4816.22,6668.43,6.4,7224.05,2.4,7916.9,31.31,41.0,,
2020-09-01,4842.12,6710.46,6.44,7258.89,2.4,7955.56,29.38,41.6,,
2020-09-02,4843.89,6717.56,6.44,7272.62,2.4,7991.78,24.66,41.5,,
2020-09-03,4817.1,6662.25,6.4,7189.86,2.4,7899.08,24.0,40.1,,
2020-09-04,4770.22,6618.58,6.36,7182.11,2.4,7903.98,15.22,41.5,,
2020-09-07,4669.37,6478.81,6.23,7057.19,2.4,7808.6,12.2,41.5,,
2020-09-08,4694.39,6525.1,6.27,7103.09,2.4,7877.43,17.83,40.5,,
2020-09-09,4584.59,6349.22,6.11,6877.6,2.4,7642.31,16.83,41.0,,
2020-09-10,4581.98,6235.57,6.0,6633.89,2.4,7333.24,13.1,41.0,,
2020-09-11,4627.28,6311.97,6.06,6742.06,2.4,7452.52,3.83,41.4,,
2020-09-14,4651.05,6351.24,6.1,6848.36,2.4,7584.02,0.56,43.2,,
2020-09-15,4688.48,6387.88,6.13,6881.59,2.4,7603.68,2.93,45.5,,
2020-09-16,4657.36,6353.84,6.11,6812.91,2.4,7528.97,1.68,47.0,,
2020-09-17,4632.71,6367.02,6.12,6825.15,2.4,7546.3,2.59,48.7,,
2020-09-18,4737.09,6469.47,6.23,6929.77,2.4,7652.22,11.13,47.2,,
2020-09-21,4691.43,6445.96,6.19,6927.19,2.4,7648.87,7.32,46.6,,
2020-09-22,4635.76,6358.65,6.11,6815.78,2.4,7530.13,2.14,46.2,,
2020-09-23,4652.33,6392.03,6.14,6862.97,2.4,7581.66,4.04,46.2,,
2020-09-24,4563.07,6244.64,6.02,6675.15,2.4,7361.25,0.0,46.6,,
2020-09-25,4570.02,6236.89,6.0,6634.39,2.4,7314.65,0.0,48.1,,
2020-09-28,4581.91,6178.47,5.95,6550.37,2.4,7204.67,0.0,49.0,,
2020-09-29,4591.8,6228.77,5.99,6621.03,2.4,7278.01,0.34,49.4,,
2020-09-30,4587.4,6192.5,5.95,6617.16,2.4,7270.71,0.56,49.4,,
2020-10-09,4681.14,6357.97,6.1,6822.36,2.4,7497.28,6.3,48.1,,
2020-10-12,4823.16,6541.18,6.29,7036.28,2.4,7739.03,19.92,46.1,,
2020-10-13,4839.2,6551.4,6.29,7053.87,2.4,7773.37,34.88,44.0,,
2020-10-14,4807.1,6508.37,6.26,6988.61,2.4,7720.98,27.33,42.0,,
2020-10-15,4798.74,6460.04,6.22,6926.85,2.4,7645.27,33.73,39.8,,
2020-10-16,4791.68,6428.68,6.18,6906.39,2.4,7639.81,32.92,38.8,,
2020-10-19,4755.49,6358.32,6.12,6858.36,2.4,7591.36,26.3,38.6,,
2020-10-20,4793.47,6423.11,6.17,6923.38,2.4,7672.98,23.82,38.8,,
2020-10-21,4792.83,6350.01,6.12,6815.09,2.4,7552.63,17.76,38.8,,
2020-10-22,4777.98,6317.14,6.08,6771.81,2.4,7516.09,19.0,39.2,,
2020-10-23,4718.49,6213.26,5.98,6641.33,2.4,7387.85,14.16,39.4,,
2020-10-26,4691.24,6214.38,5.98,6648.52,2.4,7410.05,10.23,40.2,,
2020-10-27,4699.28,6221.34,5.98,6682.54,2.4,7424.73,11.92,40.8,,
2020-10-28,4737.27,6246.0,6.01,6685.43,2.4,7424.84,18.11,40.7,,
2020-10-29,4772.92,6255.19,6.02,6674.74,2.4,7406.09,25.0,41.4,,
2020-10-30,4695.33,6111.48,5.88,6511.16,2.4,7197.07,27.48,44.5,,
2020-11-02,4720.83,6143.12,5.91,6513.79,2.4,7194.06,31.64,47.1,,
2020-11-03,4777.56,6241.77,6.0,6647.58,2.4,7341.52,37.25,49.0,,
2020-11-04,4813.66,6234.16,6.0,6632.68,2.4,7326.96,34.09,50.3,,
2020-11-05,4885.11,6351.98,6.12,6754.95,2.4,7464.94,42.97,60.9,,
2020-11-06,4885.72,6301.25,6.07,6688.66,2.4,7379.54,41.55,68.8,,
2020-11-09,4981.35,6421.65,6.17,6851.98,2.4,7548.82,53.72,69.9,,
2020-11-10,4953.88,6373.09,6.13,6779.49,2.4,7462.3,52.62,66.7,,
2020-11-11,4904.9,6294.61,6.05,6663.73,2.4,7350.58,45.51,72.6,,
2020-11-12,4908.46,6315.49,6.07,6676.42,2.4,7364.51,36.79,52.9,,
2020-11-13,4856.85,6306.97,6.08,6686.39,2.4,7366.09,28.23,43.0,,
2020-11-16,4904.17,6387.37,6.15,6747.81,2.4,7440.1,40.83,51.6,,
2020-11-17,4894.79,6336.94,6.1,6681.72,2.4,7374.04,39.52,70.6,,
2020-11-18,4891.67,6341.01,6.1,6682.13,2.4,7399.59,45.15,70.6,,
2020-11-19,4927.99,6360.6,6.13,6718.46,2.4,7433.47,47.37,68.0,,
2020-11-20,4943.29,6422.99,6.19,6766.06,2.4,7478.5,50.15,51.0,,
2020-11-23,5005.03,6472.93,6.23,6807.72,2.4,7510.79,63.34,78.1,,
2020-11-24,4974.29,6475.19,6.23,6808.0,2.4,7512.99,64.82,74.0,,
2020-11-25,4910.7,6350.37,6.13,6691.87,2.4,7399.66,57.62,76.3,,
2020-11-26,4919.59,6334.3,6.11,6643.18,2.4,7350.63,55.24,49.2,,
2020-11-27,4980.77,6351.61,6.14,6641.77,2.4,7341.34,53.95,41.8,,
2020-11-30,4960.25,6320.94,6.09,6622.36,2.4,7308.98,64.81,76.8,,
2020-12-01,5067.1,6426.62,6.19,6713.23,2.4,7404.01,74.71,75.5,,
2020-12-02,5067.14,6434.98,6.19,6735.71,2.4,7423.52,71.44,75.9,,
2020-12-03,5057.06,6440.88,6.22,6711.84,2.4,7402.1,66.61,66.9,,
2020-12-04,5065.92,6464.73,6.24,6746.63,2.4,7431.42,62.97,45.9,,
2020-12-07,5022.24,6424.68,6.19,6733.0,2.4,7409.76,47.12,39.8,,
2020-12-08,5009.88,6423.65,6.19,6734.37,2.4,7404.8,52.5,41.6,,
2020-12-09,4942.7,6307.22,6.09,6602.52,2.4,7259.04,53.06,45.7,,
2020-12-10,4940.52,6320.1,6.1,6605.19,2.4,7256.71,54.3,40.7,,
2020-12-11,4889.63,6209.43,6.0,6498.24,2.4,7135.09,52.41,41.3,,
2020-12-14,4934.84,6259.02,6.04,6576.82,2.4,7203.42,53.77,41.0,,
2020-12-15,4945.1,6265.58,6.05,6596.5,2.4,7217.16,48.54,41.1,,
2020-12-16,4953.87,6235.44,6.03,6543.36,2.4,7141.86,45.73,41.4,,
2020-12-17,5017.48,6308.9,6.1,6597.86,2.4,7199.31,59.12,41.4,,
2020-12-18,4999.97,6291.92,6.08,6573.4,2.4,7181.17,59.38,39.7,,
2020-12-21,5046.84,6398.6,6.18,6691.59,2.4,7274.47,66.93,62.9,,
2020-12-22,4964.77,6250.06,6.06,6549.97,2.4,7140.22,70.13,79.2,,
2020-12-23,5007.12,6307.6,6.09,6601.24,2.4,7190.87,82.04,73.7,,
2020-12-24,5000.02,6205.22,6.01,6496.33,2.4,7062.38,73.03,65.8,,
2020-12-25,5042.01,6278.5,6.07,6561.27,2.4,7126.83,68.04,49.2,,
2020-12-28,5064.41,6244.48,6.03,6519.47,2.4,7067.98,72.89,64.9,,
2020-12-29,5042.94,6199.85,6.01,6477.26,2.4,7033.04,66.74,66.9,,
2020-12-30,5113.71,6269.25,6.06,6526.88,2.4,7072.97,67.85,56.8,,
2020-12-31,5211.29,6367.11,6.15,6646.47,2.4,7177.6,84.93,78.1,,
2021-01-04,5267.72,6482.79,6.25,6798.76,2.4,7320.51,93.27,80.8,,
2021-01-05,5368.5,6539.73,6.31,6807.45,2.4,7316.35,96.63,79.9,,
2021-01-06,5417.67,6528.14,6.3,6724.95,2.4,7222.91,97.31,75.3,,
2021-01-07,5513.66,6538.12,6.33,6616.55,2.4,7056.11,97.86,80.0,,
2021-01-08,5495.43,6557.6,6.34,6585.36,2.4,7034.82,97.97,80.0,,
2021-01-11,5441.16,6455.4,6.25,6475.95,2.4,6873.9,97.29,79.6,,
2021-01-12,5596.35,6543.23,6.32,6564.74,2.4,6945.48,97.18,78.6,,
2021-01-13,5577.97,6496.91,6.28,6513.64,2.4,6854.52,96.5,78.7,,
2021-01-14,5470.46,6439.89,6.24,6506.83,2.4,6845.76,96.28,77.5,,
2021-01-15,5458.08,6417.5,6.22,6528.46,2.4,6911.71,91.1,75.6,,
2021-01-18,5518.52,6514.46,6.29,6652.1,2.4,7030.61,91.77,73.2,,
2021-01-19,5437.52,6476.37,6.26,6614.07,2.4,7032.67,87.05,71.5,,
2021-01-20,5476.43,6535.42,6.31,6671.45,2.4,7069.55,91.65,67.9,,
2021-01-21,5564.97,6622.5,6.4,6745.11,2.4,7122.93,92.32,66.5,,
2021-01-22,5569.78,6637.81,6.41,6721.92,2.4,7062.51,95.14,66.8,,
2021-01-25,5625.92,6645.31,6.42,6657.27,2.4,6972.94,95.04,68.5,,
2021-01-26,5512.97,6532.96,6.32,6534.1,2.4,6879.49,88.52,67.8,,
2021-01-27,5528.0,6557.16,6.34,6537.75,2.4,6884.72,82.87,54.9,,
2021-01-28,5377.14,6414.38,6.22,6399.13,2.4,6778.12,72.98,51.0,,
2021-01-29,5351.96,6346.14,6.13,6304.12,2.4,6669.15,61.2,52.3,,
2021-02-01,5417.65,6393.28,6.18,6345.81,2.4,6706.39,55.34,52.6,,
2021-02-02,5501.09,6454.79,6.23,6417.46,2.4,6760.78,54.89,48.6,,
2021-02-03,5485.2,6399.33,6.2,6307.39,2.4,6651.45,57.72,47.1,,
2021-02-04,5473.95,6328.79,6.13,6167.75,2.4,6506.76,57.84,46.7,,
2021-02-05,5483.41,6239.87,6.04,6045.3,2.4,6389.04,57.71,44.7,,
2021-02-08,5564.56,6323.16,6.11,6088.82,2.4,6408.39,56.09,43.7,,
2021-02-09,5686.25,6457.88,6.23,6254.01,2.4,6550.69,52.7,42.9,,
2021-02-10,5807.72,6525.17,6.31,6303.31,2.4,6591.42,67.66,41.1,,
2021-02-18,5768.38,6614.54,6.4,6404.59,2.4,6750.96,81.53,42.2,,
2021-02-19,5778.84,6703.48,6.49,6527.65,2.4,6924.51,86.15,45.4,,
2021-02-22,5597.33,6657.06,6.43,6534.57,2.4,6982.34,79.67,80.8,,
2021-02-23,5579.67,6631.23,6.41,6489.96,2.4,6938.65,79.66,66.9,,
2021-02-24,5437.57,6536.19,6.33,6437.84,2.4,6914.18,61.33,69.5,,
2021-02-25,5469.56,6499.15,6.3,6399.35,2.4,6862.06,55.7,45.9,,
2021-02-26,5336.76,6364.35,6.16,6325.4,2.4,6828.0,48.15,39.1,,
2021-03-01,5418.78,6488.44,6.27,6495.16,2.4,7002.47,45.55,41.2,,
2021-03-02,5349.63,6433.33,6.22,6466.63,2.4,6963.58,42.18,44.5,,
2021-03-03,5452.21,6524.75,6.3,6553.6,2.4,7062.75,47.23,40.3,,
2021-03-04,5280.71,6401.99,6.2,6434.89,2.4,6988.01,44.44,39.3,,
2021-03-05,5262.8,6403.5,6.21,6456.28,2.4,7025.64,50.07,39.2,,
2021-03-08,5080.02,6256.41,6.06,6327.65,2.4,6925.88,39.63,39.8,,
2021-03-09,4971.0,6108.0,5.92,6126.28,2.4,6733.3,42.68,41.1,,
2021-03-10,5003.61,6062.26,5.86,6078.24,2.4,6657.8,30.59,43.0,,
2021-03-11,5128.22,6213.83,6.02,6219.66,2.4,6813.75,27.3,44.7,,
2021-03-12,5146.38,6222.38,6.02,6220.48,2.4,6829.23,29.1,46.5,,
2021-03-15,5035.54,6173.87,5.98,6177.74,2.4,6825.22,28.65,47.7,,
2021-03-16,5079.36,6195.24,5.99,6233.46,2.4,6905.17,26.27,48.7,,
2021-03-17,5100.86,6225.36,6.02,6277.58,2.4,6936.05,23.8,48.7,,
2021-03-18,5141.77,6273.86,6.06,6298.89,2.4,6944.79,23.91,48.3,,
2021-03-19,5007.09,6206.6,6.01,6250.81,2.4,6908.05,21.33,48.0,,
2021-03-22,5057.15,6305.69,6.09,6359.6,2.4,7038.8,26.27,47.4,,
2021-03-23,5009.25,6219.17,6.02,6289.0,2.4,6952.13,22.25,45.9,,
2021-03-24,4928.69,6142.54,5.96,6196.27,2.4,6877.17,24.16,44.4,,
2021-03-25,4926.35,6157.41,5.97,6190.71,2.4,6850.77,20.2,44.7,,
2021-03-26,5037.99,6251.79,6.05,6301.34,2.4,6951.3,26.6,45.1,,
2021-03-29,5046.88,6254.94,6.05,6326.61,2.4,6975.82,22.8,44.8,,
2021-03-30,5094.73,6280.36,6.07,6301.58,2.4,6926.56,24.82,45.0,,
2021-03-31,5048.36,6254.07,6.06,6293.39,2.4,6939.12,19.42,46.5,,
2021-04-01,5110.78,6311.66,6.1,6335.79,2.43,6957.28,22.9,46.5,,
2021-04-02,5161.56,6326.61,6.12,6361.25,2.43,6969.78,23.8,46.5,,
2021-04-06,5140.34,6343.1,6.13,6421.49,2.46,7053.66,36.48,47.8,,
2021-04-07,5103.74,6348.08,6.14,6422.76,2.45,7078.15,38.73,47.5,,
2021-04-08,5112.21,6356.75,6.16,6404.13,2.45,7034.96,39.43,45.4,,
2021-04-09,5035.34,6335.24,6.14,6399.52,2.45,7046.58,29.88,43.9,,
2021-04-12,4947.75,6226.42,6.04,6263.4,2.4,6938.29,23.16,42.0,,
2021-04-13,4939.64,6209.78,6.02,6231.14,2.38,6892.56,29.54,41.0,,
2021-04-14,4980.63,6277.21,6.07,6320.07,2.42,6980.96,28.28,42.5,,
2021-04-15,4948.97,6276.46,6.08,6296.61,2.41,6957.52,22.56,44.7,,
2021-04-16,4966.18,6339.59,6.16,6368.85,2.44,7057.39,26.95,44.9,,
2021-04-19,5087.02,6425.26,6.22,6477.39,2.48,7153.51,53.5,47.1,,
2021-04-20,5083.37,6428.54,6.23,6457.63,2.48,7133.01,53.53,49.6,,
2021-04-21,5098.74,6420.26,6.21,6457.71,2.47,7114.49,52.84,48.3,,
2021-04-22,5089.24,6445.47,6.24,6485.21,2.48,7144.32,50.23,46.2,,
2021-04-23,5135.45,6462.76,6.27,6453.3,2.48,7088.48,55.18,46.4,,
2021-04-26,5077.24,6442.65,6.24,6431.09,2.47,7074.54,56.57,66.9,,
2021-04-27,5090.52,6446.28,6.24,6400.9,2.45,7041.65,55.67,52.9,,
2021-04-28,5119.24,6489.74,6.28,6437.25,2.46,7069.78,50.58,52.9,,
2021-04-29,5164.17,6491.93,6.29,6405.1,2.46,7036.53,60.49,60.9,,
2021-04-30,5123.49,6485.71,6.3,6382.14,2.45,7010.98,56.47,72.3,,
2021-05-06,5061.12,6489.35,6.28,6398.44,2.46,7061.31,51.66,69.6,,
2021-05-07,4996.05,6444.44,6.25,6320.25,2.43,7006.56,45.16,67.7,,
2021-05-10,4992.42,6475.99,6.27,6338.57,2.42,7055.93,49.87,72.5,,
2021-05-11,5023.06,6456.04,6.25,6343.86,2.44,7067.54,45.15,75.4,,
2021-05-12,5044.55,6512.05,6.32,6420.34,2.47,7155.14,48.6,58.9,,
2021-05-13,4992.97,6439.03,6.25,6375.01,2.45,7113.68,44.87,60.9,,
2021-05-14,5110.59,6525.8,6.35,6462.48,2.48,7197.15,59.07,80.1,,
2021-05-17,5184.99,6578.14,6.38,6457.28,2.48,7137.91,64.16,73.9,,
2021-05-18,5187.6,6599.6,6.4,6486.82,2.49,7184.48,58.28,69.5,,
2021-05-19,5172.27,6584.39,6.39,6488.95,2.49,7185.43,46.1,70.7,,
2021-05-20,5186.41,6548.71,6.36,6482.84,2.49,7162.33,47.95,72.7,,
2021-05-21,5134.15,6527.86,6.34,6480.37,2.49,7181.8,44.81,70.0,,
2021-05-24,5155.59,6544.12,6.36,6537.86,2.53,7233.94,45.93,67.6,,
2021-05-25,5318.48,6619.67,6.42,6615.71,2.54,7285.94,74.84,70.4,,
2021-05-26,5320.59,6628.21,6.43,6644.75,2.57,7325.54,81.25,73.6,,
2021-05-27,5338.23,6685.41,6.49,6705.05,2.59,7386.07,91.46,75.3,,
2021-05-28,5321.09,6668.17,6.48,6694.35,2.59,7368.83,89.78,78.1,,
2021-05-31,5331.57,6728.99,6.53,6814.36,2.63,7478.84,92.26,80.5,,
2021-06-01,5341.68,6739.76,6.54,6854.73,2.65,7517.6,90.91,80.5,,
2021-06-02,5289.97,6681.43,6.5,6759.46,2.62,7436.91,85.63,80.3,,
2021-06-03,5255.29,6667.73,6.49,6754.07,2.62,7440.01,82.13,79.9,,
2021-06-04,5282.28,6693.06,6.52,6785.8,2.64,7468.75,86.05,77.8,,
2021-06-07,5277.63,6721.5,6.54,6861.85,2.67,7541.05,81.68,75.4,,
2021-06-08,5232.12,6684.56,6.51,6809.86,2.65,7506.85,79.78,74.1,,
2021-06-09,5236.45,6692.9,6.51,6823.41,2.65,7524.1,75.94,70.6,,
2021-06-10,5271.47,6765.64,6.59,6898.21,2.69,7583.26,83.24,69.7,,
2021-06-11,5224.7,6725.92,6.56,6852.97,2.67,7530.3,78.79,71.8,,
2021-06-15,5166.56,6663.66,6.48,6815.12,2.65,7488.78,67.79,73.8,,
2021-06-16,5080.49,6566.29,6.4,6673.24,2.6,7363.34,54.28,71.2,,
2021-06-17,5101.89,6616.17,6.44,6787.67,2.65,7435.61,51.67,52.9,,
2021-06-18,5102.47,6657.76,6.5,6863.72,2.67,7516.34,52.36,66.9,,
2021-06-21,5090.39,6707.18,6.53,6968.3,2.71,7624.68,59.8,74.0,,
2021-06-22,5122.16,6739.79,6.57,7000.25,2.73,7663.69,57.89,72.1,,
2021-06-23,5147.39,6789.95,6.62,7046.17,2.75,7702.93,57.12,69.9,,
2021-06-24,5155.97,6754.87,6.6,6974.64,2.73,7631.32,56.77,73.7,,
2021-06-25,5239.97,6813.41,6.65,7000.43,2.74,7652.53,71.47,76.2,,
2021-06-28,5251.76,6828.52,6.65,7063.47,2.76,7722.55,69.69,76.8,,
2021-06-29,5190.54,6765.42,6.6,7004.3,2.74,7660.94,53.15,75.4,,
2021-06-30,5224.04,6808.18,6.63,7083.7,2.77,7735.73,50.33,43.0,,
2021-07-01,5229.66,6716.67,6.56,6969.53,2.73,7602.67,49.65,60.9,,
2021-07-02,5081.12,6658.05,6.5,6908.93,2.71,7590.96,41.71,60.9,,
2021-07-05,5085.79,6711.01,6.54,7006.7,2.73,7718.26,43.27,60.9,,
2021-07-06,5083.1,6709.5,6.54,6979.06,2.74,7716.58,48.37,61.2,,
2021-07-07,5140.49,6764.13,6.6,7089.66,2.78,7798.1,59.26,68.4,,
2021-07-08,5088.26,6748.65,6.59,7099.41,2.79,7787.15,53.54,72.4,,
2021-07-09,5069.44,6804.54,6.65,7142.9,2.81,7858.23,49.49,76.2,,
2021-07-12,5132.71,6904.38,6.74,7284.23,2.87,7998.31,60.27,80.2,,
2021-07-13,5142.1,6961.85,6.81,7331.73,2.88,8070.6,63.97,80.2,,
2021-07-14,5083.08,6898.75,6.76,7243.82,2.85,7990.04,61.39,80.2,,
2021-07-15,5151.46,6932.41,6.78,7241.62,2.84,7952.25,63.96,79.6,,
2021-07-16,5094.77,6925.12,6.79,7228.36,2.84,7963.42,57.67,79.0,,
2021-07-19,5113.49,6889.34,6.75,7205.27,2.83,7944.91,57.11,77.9,,
2021-07-20,5108.99,6901.13,6.76,7253.28,2.85,7991.9,53.49,74.5,,
2021-07-21,5144.04,6984.54,6.84,7398.81,2.91,8143.79,59.45,73.8,,
2021-07-22,5151.75,7026.55,6.87,7446.48,2.93,8211.3,68.46,74.2,,
2021-07-23,5089.23,6985.75,6.86,7379.79,2.91,8126.84,53.2,75.0,,
2021-07-26,4925.3,6868.21,6.73,7286.15,2.88,8033.66,40.07,76.0,,
2021-07-27,4751.31,6719.26,6.6,7093.87,2.81,7825.43,37.71,79.6,,
2021-07-28,4760.48,6621.98,6.5,6945.51,2.74,7626.44,36.58,80.1,,
2021-07-29,4850.27,6758.89,6.62,7207.48,2.84,7896.14,38.02,79.5,,
2021-07-30,4811.17,6767.32,6.64,7262.38,2.87,7978.1,43.19,78.7,,
2021-08-02,4933.74,6872.0,6.73,7402.35,2.93,8143.32,50.61,78.5,,
2021-08-03,4934.46,6816.01,6.68,7308.96,2.89,8050.86,49.94,78.2,,
2021-08-04,4978.85,6931.34,6.78,7478.21,2.95,8216.69,49.03,77.4,,
2021-08-05,4948.67,6911.83,6.77,7447.94,2.95,8161.43,47.22,76.1,,
2021-08-06,4921.56,6938.87,6.8,7482.17,2.95,8212.8,41.71,73.3,,
2021-08-09,4985.56,6979.53,6.83,7507.08,2.95,8253.24,40.13,70.3,,
2021-08-10,5043.15,7019.23,6.87,7549.55,2.98,8307.96,45.2,68.2,,
2021-08-11,5015.34,7073.52,6.93,7605.92,3.01,8396.43,48.57,66.8,,
2021-08-12,4973.35,7095.2,6.95,7657.53,3.03,8454.65,40.6,66.8,,
2021-08-13,4945.98,7088.89,6.96,7641.92,3.03,8477.0,42.62,67.6,,
2021-08-16,4941.07,7052.49,6.92,7568.14,2.99,8410.54,39.57,58.9,,
2021-08-17,4837.4,6894.4,6.77,7360.03,2.92,8170.4,33.52,66.9,,
2021-08-18,4894.24,6941.01,6.8,7405.49,2.94,8238.05,31.47,45.9,,
2021-08-19,4862.14,6947.06,6.81,7468.77,2.96,8258.47,22.36,43.0,,
2021-08-20,4769.27,6920.02,6.78,7467.36,2.96,8264.85,22.02,44.0,,
2021-08-23,4835.88,7024.56,6.88,7652.56,3.03,8499.9,42.26,60.9,,
2021-08-24,4888.39,7090.78,6.95,7715.07,3.06,8554.37,63.51,76.8,,
2021-08-25,4898.16,7153.0,7.01,7769.63,3.08,8616.77,64.29,69.4,,
2021-08-26,4801.61,7118.84,6.98,7669.53,3.04,8553.18,52.15,65.4,,
2021-08-27,4827.04,7180.11,7.03,7680.08,3.05,8578.31,55.87,71.6,,
2021-08-30,4813.27,7226.88,7.08,7727.75,3.06,8634.49,51.52,75.5,,
2021-08-31,4805.61,7255.34,7.11,7728.42,3.06,8644.6,54.88,76.2,,
2021-09-01,4869.46,7193.1,7.05,7606.87,3.01,8510.99,48.48,78.2,,
2021-09-02,4869.41,7307.01,7.18,7690.86,3.05,8668.81,58.36,79.1,,
2021-09-03,4843.06,7278.68,7.14,7630.84,3.01,8637.23,56.22,80.4,,
2021-09-06,4933.73,7355.4,7.2,7735.1,3.06,8704.54,63.06,79.3,,
2021-09-07,4992.83,7498.93,7.36,7878.35,3.12,8863.9,67.2,77.8,,
2021-09-08,4972.13,7544.04,7.41,7894.25,3.13,8933.11,64.62,76.4,,
2021-09-09,4970.01,7617.45,7.47,7900.24,3.13,8936.58,69.57,74.8,,
2021-09-10,5013.52,7607.67,7.47,7932.65,3.14,8937.92,72.26,74.6,,
2021-09-13,4991.66,7648.75,7.49,7947.48,3.14,9006.96,69.69,74.9,,
2021-09-14,4917.16,7556.62,7.41,7916.9,3.14,8953.77,69.11,76.1,,
2021-09-15,4867.32,7592.31,7.44,7972.23,3.17,9062.79,62.02,58.9,,
2021-09-16,4807.7,7446.94,7.31,7754.95,3.08,8853.33,51.69,66.9,,
2021-09-17,4855.94,7395.56,7.25,7730.22,3.07,8835.32,54.26,52.9,,
2021-09-22,4821.77,7453.62,7.32,7769.06,3.08,8901.86,34.88,40.8,,
2021-09-23,4853.2,7502.84,7.36,7806.8,3.1,8914.84,29.94,44.5,,
2021-09-24,4849.43,7380.38,7.25,7695.62,3.05,8722.93,28.41,48.1,,
2021-09-27,4877.37,7170.59,7.05,7467.82,2.96,8394.24,31.45,44.9,,
2021-09-28,4883.83,7198.9,7.05,7468.73,2.95,8407.64,18.68,44.2,,
2021-09-29,4833.93,7010.22,6.9,7199.18,2.86,8081.24,6.75,45.9,,
2021-09-30,4866.38,7103.61,6.96,7405.46,2.94,8324.49,6.73,47.8,,
2021-10-08,4929.94,7091.34,6.95,7425.67,2.94,8391.58,8.75,49.4,,
2021-10-11,4936.19,7090.47,6.94,7384.84,2.92,8341.75,5.84,48.7,,
2021-10-12,4883.84,6952.19,6.81,7208.47,2.85,8145.98,3.7,48.7,,
2021-10-13,4940.11,6981.59,6.84,7289.36,2.89,8184.31,2.36,48.7,,
2021-10-14,4913.61,7008.33,6.86,7342.25,2.91,8263.64,0.67,48.7,,
2021-10-15,4932.11,7024.16,6.9,7350.41,2.92,8223.32,1.91,48.4,,
2021-10-18,4874.78,7068.1,6.92,7429.63,2.95,8350.58,2.71,47.7,,
2021-10-19,4922.72,7120.38,6.97,7504.05,2.97,8415.66,3.72,46.8,,
2021-10-20,4910.18,7118.8,6.97,7523.56,2.98,8455.4,4.85,45.3,,
2021-10-21,4928.02,7098.25,6.95,7503.53,2.97,8430.43,11.03,43.8,,
2021-10-22,4959.73,7026.07,6.9,7438.48,2.95,8332.71,16.41,42.3,,
2021-10-25,4979.52,7103.99,6.96,7532.37,2.99,8445.75,25.29,41.0,,
2021-10-26,4963.1,7102.43,6.97,7508.69,2.98,8421.26,24.18,39.8,,
2021-10-27,4898.16,7048.6,6.91,7433.55,2.95,8331.52,21.27,39.1,,
2021-10-28,4864.14,6950.28,6.82,7267.85,2.89,8130.09,22.17,38.5,,
2021-10-29,4908.77,7022.5,6.89,7385.3,2.93,8262.26,28.46,39.0,,
2021-11-01,4890.69,7060.76,6.92,7455.61,2.95,8378.53,34.75,39.9,,
2021-11-02,4839.85,6985.1,6.85,7368.6,2.92,8262.46,34.1,41.2,,
2021-11-03,4821.11,7017.85,6.87,7385.2,2.93,8288.63,41.48,41.3,,
2021-11-04,4868.74,7073.85,6.93,7483.69,2.97,8410.44,36.41,41.3,,
2021-11-05,4842.35,6991.91,6.87,7389.59,2.93,8310.52,29.36,42.0,,
2021-11-08,4848.18,7026.97,6.89,7422.91,2.94,8380.43,30.37,41.2,,
2021-11-09,4846.74,7081.75,6.94,7531.96,2.98,8505.66,37.86,39.9,,
2021-11-10,4821.19,7062.33,6.92,7535.23,2.99,8534.08,25.31,39.9,,
2021-11-11,4898.65,7119.86,6.98,7593.73,3.01,8594.02,40.26,41.3,,
2021-11-12,4888.37,7156.61,7.02,7697.81,3.06,8710.79,43.74,41.3,,
2021-11-15,4882.38,7098.21,6.97,7676.48,3.04,8712.89,43.63,44.1,,
2021-11-16,4883.32,7045.94,6.92,7589.18,3.01,8617.7,38.59,46.7,,
2021-11-17,4885.75,7104.53,6.96,7725.09,3.08,8790.4,39.91,46.7,,
2021-11-18,4837.62,7084.68,6.96,7714.8,3.07,8779.04,30.94,47.7,,
2021-11-19,4890.06,7169.88,7.04,7803.76,3.11,8865.46,51.5,49.4,,
2021-11-22,4912.4,7255.07,7.1,7947.37,3.16,9001.23,56.57,68.8,,
2021-11-23,4913.35,7261.38,7.12,7941.56,3.16,9003.75,63.32,70.6,,
2021-11-24,4916.66,7256.11,7.11,7938.77,3.15,8998.39,69.15,70.0,,
2021-11-25,4896.44,7233.54,7.11,7925.76,3.14,8984.74,69.7,65.6,,
2021-11-26,4860.13,7219.86,7.09,7940.79,3.16,9010.61,54.3,54.9,,
2021-11-29,4851.42,7221.9,7.1,7999.83,3.19,9076.93,59.37,68.8,,
2021-11-30,4832.03,7252.76,7.11,8054.29,3.21,9157.21,62.09,72.3,,
2021-12-01,4843.85,7272.84,7.15,8055.82,3.21,9197.13,62.98,70.6,,
2021-12-02,4856.16,7229.99,7.1,7968.24,3.17,9072.54,61.74,67.4,,
2021-12-03,4901.02,7301.92,7.17,8023.96,3.19,9125.86,77.23,70.2,,
2021-12-06,4892.62,7240.46,7.11,7906.76,3.14,8984.86,73.54,71.3,,
2021-12-07,4922.1,7206.83,7.07,7781.44,3.09,8834.15,76.7,72.2,,
2021-12-08,4995.93,7302.99,7.17,7922.55,3.15,8990.82,84.65,70.2,,
2021-12-09,5078.69,7320.32,7.18,7931.76,3.16,8985.45,85.79,72.1,,
2021-12-10,5055.12,7306.65,7.18,7949.12,3.17,9037.29,89.07,74.4,,
2021-12-13,5083.8,7353.03,7.19,7984.9,3.17,9096.98,93.34,75.7,,
2021-12-14,5049.7,7324.13,7.18,7981.83,3.18,9130.4,91.08,73.7,,
2021-12-15,5005.9,7314.26,7.17,7955.58,3.18,9138.38,78.91,58.9,,
2021-12-16,5034.73,7381.0,7.23,8005.98,3.19,9213.65,81.14,44.4,,
2021-12-17,4954.76,7314.56,7.18,7894.1,3.15,9125.26,73.75,53.4,,
2021-12-20,4880.42,7195.97,7.07,7751.95,3.1,8987.1,62.33,60.9,,
2021-12-21,4913.49,7275.47,7.12,7849.03,3.13,9121.85,57.66,44.5,,
2021-12-22,4914.45,7302.46,7.15,7930.81,3.16,9193.14,54.48,43.1,,
2021-12-23,4948.74,7337.19,7.19,7932.66,3.17,9191.03,60.34,42.3,,
2021-12-24,4921.34,7278.76,7.15,7776.61,3.11,9012.03,61.84,45.5,,
2021-12-27,4919.32,7272.75,7.14,7776.43,3.1,9039.61,53.94,43.2,,
2021-12-28,4955.96,7286.03,7.14,7863.53,3.13,9121.87,47.82,44.2,,
2021-12-29,4883.48,7247.77,7.12,7855.43,3.13,9117.74,40.76,45.4,,
2021-12-30,4921.51,7310.96,7.17,7924.53,3.16,9201.58,52.56,46.8,,
2021-12-31,4940.37,7359.4,7.21,8010.32,3.19,9272.58,55.61,47.2,,
2022-01-04,4917.77,7354.46,7.22,7983.07,3.19,9328.0,76.49,74.0,,
2022-01-05,4868.12,7222.67,7.07,7781.68,3.1,9133.47,76.43,80.8,,
2022-01-06,4818.23,7229.96,7.08,7844.52,3.13,9233.43,62.83,72.6,,
2022-01-07,4822.37,7175.68,7.05,7682.7,3.06,9041.02,57.75,67.0,,
2022-01-10,4844.05,7191.45,7.05,7734.19,3.08,9110.84,53.32,38.2,,
2022-01-11,4797.77,7135.22,7.01,7646.69,3.05,9042.18,35.96,39.2,,
2022-01-12,4845.58,7196.93,7.06,7779.52,3.11,9188.89,42.25,39.4,,
2022-01-13,4765.92,7097.76,6.98,7644.79,3.05,9084.0,39.57,46.3,,
2022-01-14,4726.73,7081.14,6.94,7675.37,3.05,9097.05,39.58,38.9,,
2022-01-17,4767.28,7157.86,7.01,7808.09,3.11,9268.45,45.76,38.9,,
2022-01-18,4813.35,7163.16,7.03,7758.6,3.09,9151.17,59.74,42.4,,
2022-01-19,4780.38,7118.76,6.98,7665.18,3.05,9112.49,51.97,41.8,,
2022-01-20,4823.51,7056.79,6.93,7492.61,2.99,8871.54,46.53,42.4,,
2022-01-21,4779.31,6976.62,6.86,7388.74,2.94,8739.16,38.75,43.4,,
2022-01-24,4786.74,6979.25,6.85,7425.4,2.96,8758.06,36.7,45.6,,
2022-01-25,4678.45,6743.96,6.62,7133.07,2.86,8373.98,32.32,43.8,,
2022-01-26,4712.31,6782.58,6.65,7171.03,2.86,8427.31,31.99,46.1,,
2022-01-27,4619.88,6605.92,6.49,6960.11,2.78,8157.63,23.23,47.8,,
2022-01-28,4563.77,6580.53,6.44,6973.01,2.79,8240.79,22.11,49.0,,
2022-02-07,4634.09,6676.61,6.54,7061.62,2.82,8337.22,23.02,48.4,,
2022-02-08,4608.77,6742.19,6.61,7080.62,2.83,8433.62,23.58,47.5,,
2022-02-09,4652.06,6843.03,6.71,7211.43,2.87,8591.95,26.29,46.0,,
2022-02-10,4639.86,6840.49,6.7,7175.62,2.87,8557.19,27.75,44.1,,
2022-02-11,4601.4,6745.02,6.62,7033.85,2.81,8370.37,27.98,41.9,,
2022-02-14,4551.69,6695.7,6.57,7006.08,2.8,8368.67,25.4,41.1,,
2022-02-15,4600.1,6760.28,6.63,7124.85,2.84,8447.32,23.92,41.1,,
2022-02-16,4617.99,6772.03,6.64,7183.11,2.86,8551.08,22.91,41.6,,
2022-02-17,4629.16,6768.79,6.64,7220.61,2.88,8550.31,27.52,41.6,,
2022-02-18,4651.24,6835.02,6.7,7251.79,2.89,8611.04,32.13,42.3,,
2022-02-21,4634.31,6867.11,6.73,7334.59,2.93,8749.33,27.52,41.7,,
2022-02-22,4574.15,6784.76,6.65,7279.24,2.91,8660.04,28.68,40.9,,
2022-02-23,4623.05,6887.42,6.75,7450.4,2.97,8819.03,36.55,40.4,,
2022-02-24,4529.32,6764.88,6.64,7285.12,2.91,8595.74,47.34,80.1,,
2022-02-25,4573.42,6819.43,6.68,7361.96,2.94,8680.31,55.64,68.8,,
2022-02-28,4581.65,6853.31,6.72,7419.83,2.97,8713.5,37.21,40.7,,
2022-03-01,4619.69,6874.04,6.74,7429.44,2.97,8771.09,50.12,40.7,,
2022-03-02,4578.6,6875.24,6.74,7414.31,2.95,8792.0,42.25,40.0,,
2022-03-03,4551.63,6859.55,6.73,7342.61,2.93,8741.75,49.9,46.4,,
2022-03-04,4496.43,6803.83,6.68,7241.56,2.89,8616.66,49.25,41.8,,
2022-03-07,4352.78,6659.39,6.53,7085.73,2.83,8467.99,29.17,44.2,,
2022-03-08,4265.39,6429.89,6.29,6871.22,2.75,8192.24,23.36,62.9,,
2022-03-09,4226.35,6305.61,6.18,6796.04,2.72,8106.33,26.66,74.0,,
2022-03-10,4292.84,6414.94,6.28,6952.52,2.78,8285.95,26.42,68.6,,
2022-03-11,4306.52,6474.13,6.37,6990.78,2.79,8336.39,25.04,54.9,,
2022-03-14,4174.76,6323.58,6.2,6800.59,2.72,8101.37,15.01,45.9,,
2022-03-15,3983.81,5964.98,5.84,6473.48,2.59,7691.13,16.95,64.9,,
2022-03-16,4156.08,6156.27,6.04,6692.97,2.67,7947.15,30.62,79.2,,
2022-03-17,4237.7,6267.52,6.14,6818.54,2.72,8106.9,35.8,74.7,,
2022-03-18,4265.9,6332.22,6.2,6879.37,2.74,8196.24,30.26,58.9,,
2022-03-21,4258.75,6358.94,6.23,6954.41,2.77,8304.81,16.13,54.9,,
2022-03-22,4255.3,6358.11,6.23,6923.44,2.76,8291.77,17.25,52.7,,
2022-03-23,4276.52,6398.1,6.27,6966.95,2.78,8323.86,13.31,55.8,,
2022-03-24,4251.31,6344.12,6.22,6900.81,2.76,8227.56,14.08,47.7,,
2022-03-25,4174.57,6268.24,6.14,6819.81,2.72,8177.0,9.7,43.9,,
2022-03-28,4148.47,6283.28,6.16,6767.25,2.7,8148.87,7.9,40.6,,
2022-03-29,4134.14,6253.07,6.13,6725.68,2.69,8088.9,6.32,39.6,,
2022-03-30,4254.1,6377.87,6.26,6864.75,2.73,8225.76,15.32,40.0,,
2022-03-31,4222.6,6324.96,6.21,6772.07,2.7,8176.75,23.23,43.0,,
2022-04-01,4276.16,6364.52,6.25,6772.6,2.7,8159.95,28.39,44.2,,
2022-04-06,4263.84,6356.93,6.24,6764.29,2.7,8210.07,32.98,45.8,,
2022-04-07,4209.1,6221.59,6.1,6623.59,2.65,8006.04,33.3,46.1,,
2022-04-08,4230.77,6224.12,6.12,6575.28,2.63,7948.21,32.96,45.4,,
2022-04-11,4100.07,6029.89,5.92,6328.07,2.53,7697.03,24.12,43.3,,
2022-04-12,4179.97,6126.91,6.02,6414.42,2.56,7811.22,29.49,42.0,,
2022-04-13,4139.74,6044.33,5.93,6286.25,2.51,7634.39,27.21,40.8,,
2022-04-14,4191.57,6126.49,6.01,6359.71,2.53,7706.57,39.88,40.8,,
2022-04-15,4188.75,6070.75,5.96,6275.07,2.5,7567.18,29.9,40.5,,
2022-04-18,4166.38,6074.01,5.96,6326.02,2.52,7625.03,20.67,41.1,,
2022-04-19,4134.9,6092.4,5.98,6345.79,2.53,7681.04,14.14,43.2,,
2022-04-20,4070.79,5956.92,5.84,6234.25,2.48,7572.33,7.86,44.7,,
2022-04-21,3995.83,5759.8,5.66,5981.38,2.38,7248.11,4.74,45.2,,
2022-04-22,4013.25,5740.98,5.63,5891.81,2.35,7143.99,5.84,47.4,,
2022-04-25,3814.91,5369.72,5.26,5431.61,2.18,6577.2,4.4,46.3,,
2022-04-26,3784.12,5234.01,5.16,5266.55,2.12,6356.05,9.82,44.8,,
2022-04-27,3895.54,5437.04,5.34,5540.72,2.21,6617.91,15.22,43.0,,
2022-04-28,3921.11,5418.76,5.32,5493.91,2.19,6531.7,14.55,42.3,,
2022-04-29,4016.24,5627.9,5.54,5734.49,2.29,6821.89,19.04,40.2,,
2022-05-05,4010.21,5686.7,5.58,5836.93,2.33,6953.25,22.43,39.4,,
2022-05-06,3908.82,5563.77,5.46,5764.69,2.3,6876.5,7.09,40.3,,
2022-05-09,3877.44,5608.52,5.5,5840.89,2.34,6991.17,4.04,42.4,,
2022-05-10,3919.87,5690.09,5.6,5950.67,2.37,7124.75,5.95,43.6,,
2022-05-11,3976.42,5737.82,5.63,6003.03,2.4,7153.32,29.78,60.9,,
2022-05-12,3958.74,5743.1,5.64,6034.57,2.42,7212.84,35.02,38.0,,
2022-05-13,3988.6,5796.8,5.7,6071.67,2.43,7251.37,16.85,46.0,,
2022-05-16,3956.54,5791.08,5.68,6082.88,2.44,7273.1,19.31,43.4,,
2022-05-17,4005.89,5816.34,5.72,6118.46,2.45,7277.78,20.0,47.4,,
2022-05-18,3991.91,5797.49,5.7,6127.8,2.45,7311.8,21.22,44.7,,
2022-05-19,3999.6,5838.41,5.75,6180.19,2.47,7364.12,25.38,45.5,,
2022-05-20,4077.6,5929.49,5.84,6263.44,2.5,7451.41,46.86,44.7,,
2022-05-23,4053.98,5965.73,5.86,6343.47,2.54,7567.98,48.67,43.4,,
2022-05-24,3959.15,5745.68,5.66,6081.64,2.44,7240.9,45.56,68.8,,
2022-05-25,3983.18,5844.25,5.75,6188.27,2.48,7397.47,46.42,38.0,,
2022-05-26,3993.04,5911.56,5.82,6227.1,2.49,7440.78,40.88,38.0,,
2022-05-27,4001.3,5899.92,5.82,6210.09,2.48,7441.6,45.16,38.0,,
2022-05-30,4029.02,5942.83,5.85,6282.36,2.51,7514.91,51.33,44.2,,
2022-05-31,4091.52,6026.24,5.94,6353.35,2.55,7586.2,61.13,41.4,,
2022-06-01,4083.18,6023.64,5.94,6373.32,2.56,7627.74,65.88,44.0,,
2022-06-02,4089.57,6078.43,6.01,6442.93,2.58,7680.47,60.23,45.6,,
2022-06-06,4166.09,6187.44,6.1,6604.98,2.64,7820.59,76.6,80.8,,
2022-06-07,4179.13,6186.57,6.1,6597.83,2.64,7802.39,80.89,80.8,,
2022-06-08,4219.81,6217.83,6.14,6608.89,2.64,7798.42,81.46,80.8,,
2022-06-09,4175.67,6130.69,6.07,6490.38,2.61,7666.75,79.99,73.3,,
2022-06-10,4238.99,6240.1,6.18,6627.75,2.66,7833.22,81.0,80.1,,
2022-06-13,4189.35,6233.62,6.16,6674.8,2.68,7902.22,82.14,80.1,,
2022-06-14,4222.31,6275.57,6.22,6665.25,2.68,7902.38,83.49,80.1,,
2022-06-15,4278.22,6261.06,6.2,6653.76,2.66,7861.83,85.29,80.1,,
2022-06-16,4250.06,6264.82,6.21,6696.76,2.69,7927.05,85.07,80.5,,
2022-06-17,4309.04,6316.31,6.27,6774.74,2.72,7991.31,85.62,80.3,,
2022-06-20,4330.43,6330.39,6.27,6848.75,2.75,8089.2,83.72,80.2,,
2022-06-21,4325.57,6277.0,6.22,6779.14,2.72,8023.63,82.48,79.4,,
2022-06-22,4270.62,6179.57,6.12,6691.81,2.7,7943.26,81.11,77.4,,
2022-06-23,4343.88,6300.47,6.26,6845.45,2.75,8117.0,83.58,75.5,,
2022-06-24,4394.77,6368.28,6.33,6931.65,2.78,8204.67,88.65,75.2,,
2022-06-27,4444.26,6407.74,6.36,7002.93,2.81,8286.63,93.48,75.2,,
2022-06-28,4490.52,6501.35,6.47,7079.72,2.85,8394.4,94.95,75.9,,
2022-06-29,4421.36,6374.3,6.36,6900.99,2.78,8171.02,90.57,77.9,,
2022-06-30,4485.01,6454.08,6.41,6995.53,2.81,8243.06,92.36,79.4,,
2022-07-01,4466.72,6438.54,6.4,6994.5,2.81,8252.65,86.5,77.2,,
2022-07-04,4496.03,6523.13,6.48,7076.32,2.85,8330.93,83.12,75.3,,
2022-07-05,4489.54,6511.53,6.47,7036.0,2.83,8262.9,85.16,74.4,,
2022-07-06,4423.97,6418.55,6.39,6953.98,2.79,8176.62,81.9,71.2,,
2022-07-07,4443.47,6452.99,6.41,7041.87,2.83,8276.53,78.84,54.9,,
2022-07-08,4428.78,6404.44,6.38,7000.79,2.82,8257.3,75.23,49.2,,
2022-07-11,4354.62,6319.14,6.29,6893.63,2.78,8170.08,71.52,49.0,,
2022-07-12,4313.62,6241.48,6.22,6779.56,2.73,8033.57,67.36,50.4,,
2022-07-13,4321.46,6268.49,6.24,6834.9,2.75,8130.22,63.64,45.2,,
2022-07-14,4322.07,6302.43,6.28,6920.87,2.78,8203.61,65.11,42.2,,
2022-07-15,4248.53,6196.8,6.18,6852.82,2.76,8087.43,65.14,42.2,,
2022-07-18,4292.59,6312.36,6.29,6953.93,2.79,8268.66,66.37,42.5,,
2022-07-19,4269.34,6335.71,6.31,7009.32,2.82,8352.92,59.83,42.5,,
2022-07-20,4283.8,6410.71,6.39,7110.1,2.86,8448.08,61.5,42.3,,
2022-07-21,4236.06,6347.6,6.33,7075.29,2.84,8405.27,56.79,41.9,,
2022-07-22,4238.23,6289.53,6.28,7034.6,2.82,8378.16,53.75,39.9,,
2022-07-25,4212.64,6231.24,6.21,6948.91,2.78,8278.27,46.2,39.2,,
2022-07-26,4245.98,6307.96,6.29,7027.42,2.82,8379.3,44.26,40.1,,
2022-07-27,4225.04,6332.23,6.32,7099.43,2.85,8480.83,46.17,41.4,,
2022-07-28,4225.67,6348.17,6.33,7150.2,2.87,8538.16,51.03,41.8,,
2022-07-29,4170.1,6294.11,6.28,7117.43,2.86,8517.06,55.22,41.6,,
2022-08-01,4188.68,6347.22,6.34,7180.45,2.88,8574.94,56.01,41.1,,
2022-08-02,4107.02,6170.0,6.18,6957.98,2.81,8247.98,57.52,44.0,,
2022-08-03,4066.98,6124.31,6.13,6916.67,2.77,8187.3,60.91,46.0,,
2022-08-04,4101.54,6158.73,6.15,6960.31,2.79,8277.29,46.11,46.7,,
2022-08-05,4156.91,6270.51,6.27,7090.0,2.85,8371.94,44.62,47.6,,
2022-08-08,4148.07,6323.07,6.31,7176.11,2.87,8518.19,48.22,48.9,,
2022-08-09,4156.29,6341.48,6.33,7207.4,2.88,8549.85,48.1,46.0,,
2022-08-10,4109.74,6322.06,6.32,7212.08,2.89,8594.61,45.29,43.4,,
2022-08-11,4193.54,6439.36,6.44,7294.49,2.93,8690.2,55.43,42.8,,
2022-08-12,4191.15,6420.85,6.43,7228.83,2.9,8633.04,60.83,41.8,,
2022-08-15,4185.68,6442.81,6.44,7283.5,2.92,8704.9,52.93,40.5,,
2022-08-16,4177.84,6465.19,6.45,7324.62,2.93,8790.93,55.19,39.7,,
2022-08-17,4216.96,6493.5,6.5,7328.67,2.94,8800.04,62.86,41.5,,
2022-08-18,4180.1,6468.81,6.47,7351.44,2.95,8844.62,63.77,43.4,,
2022-08-19,4151.07,6391.72,6.39,7234.41,2.9,8698.52,63.34,62.9,,
2022-08-22,4181.4,6472.68,6.47,7288.58,2.92,8757.84,65.9,49.2,,
2022-08-23,4161.08,6466.4,6.47,7306.02,2.93,8814.93,49.02,43.0,,
2022-08-24,4082.42,6284.58,6.28,7039.41,2.83,8496.51,46.82,64.9,,
2022-08-25,4116.24,6322.7,6.32,7016.31,2.82,8435.9,46.36,47.5,,
2022-08-26,4107.55,6298.37,6.3,6980.18,2.8,8392.38,34.82,39.9,,
2022-08-29,4089.52,6310.4,6.3,7021.31,2.82,8460.28,30.42,44.5,,
2022-08-30,4075.79,6285.93,6.29,6976.72,2.8,8400.45,33.0,49.5,,
2022-08-31,4078.84,6155.75,6.16,6750.74,2.71,8108.94,35.82,44.4,,
2022-09-01,4043.74,6126.77,6.14,6717.1,2.7,8075.0,30.88,44.8,,
2022-09-02,4023.61,6149.43,6.15,6776.83,2.71,8193.71,24.58,46.7,,
2022-09-05,4015.43,6182.65,6.18,6791.09,2.72,8217.59,20.88,47.3,,
2022-09-06,4052.28,6291.57,6.28,6919.65,2.77,8367.75,23.02,46.7,,
2022-09-07,4054.98,6301.56,6.3,6963.52,2.79,8420.57,27.63,47.2,,
2022-09-08,4037.68,6272.58,6.28,6897.1,2.77,8324.82,19.54,46.5,,
2022-09-09,4093.79,6316.97,6.32,6913.58,2.77,8306.24,23.69,45.9,,
2022-09-13,4111.11,6300.42,6.3,6904.08,2.76,8315.66,24.03,45.2,,
2022-09-14,4065.36,6249.96,6.25,6829.56,2.74,8225.7,18.52,45.9,,
2022-09-15,4027.12,6107.8,6.11,6619.19,2.65,7975.69,17.3,45.2,,
2022-09-16,3932.68,5954.5,5.96,6481.24,2.6,7803.69,18.67,44.2,,
2022-09-19,3928.0,5913.15,5.92,6399.8,2.57,7707.64,12.79,44.8,,
2022-09-20,3932.84,5958.29,5.95,6482.13,2.6,7837.61,11.45,45.5,,
2022-09-21,3903.73,5978.58,5.98,6480.6,2.6,7856.82,10.44,45.5,,
2022-09-22,3869.34,5965.89,5.97,6487.27,2.6,7853.85,10.77,47.7,,
2022-09-23,3856.02,5889.6,5.9,6363.68,2.55,7676.97,10.56,48.7,,
2022-09-26,3836.68,5806.32,5.81,6283.59,2.52,7560.48,11.01,47.7,,
2022-09-27,3892.3,5920.05,5.92,6409.78,2.57,7731.04,13.37,46.5,,
2022-09-28,3828.71,5769.52,5.78,6211.11,2.49,7487.21,8.99,45.8,,
2022-09-29,3827.14,5771.88,5.79,6228.78,2.5,7477.24,9.76,45.8,,
2022-09-30,3804.89,5714.06,5.71,6124.86,2.45,7364.67,8.75,46.5,,
2022-10-10,3720.94,5635.71,5.65,5984.5,2.4,7227.89,6.96,47.1,,
2022-10-11,3727.69,5684.51,5.68,6017.72,2.41,7296.41,6.18,48.4,,
2022-10-12,3784.31,5820.45,5.82,6192.65,2.48,7518.93,5.74,47.0,,
2022-10-13,3752.67,5830.34,5.83,6252.22,2.51,7590.16,10.15,44.7,,
2022-10-14,3842.47,5973.44,5.98,6406.46,2.57,7766.61,19.15,43.4,,
2022-10-17,3846.41,6015.6,6.01,6472.45,2.59,7869.28,20.51,42.5,,
2022-10-18,3838.27,6035.67,6.04,6508.5,2.6,7910.08,17.81,41.0,,
2022-10-19,3776.53,5972.72,5.98,6461.15,2.59,7855.78,15.67,41.0,,
2022-10-20,3754.93,5948.86,5.96,6429.7,2.58,7806.02,16.45,41.5,,
2022-10-21,3742.89,5956.88,5.96,6432.33,2.58,7818.7,18.68,40.6,,
2022-10-24,3633.37,5896.9,5.91,6378.43,2.56,7740.38,21.08,43.4,,
2022-10-25,3627.45,5869.78,5.87,6355.78,2.55,7729.08,23.79,45.6,,
2022-10-26,3656.9,5971.6,5.99,6491.69,2.6,7883.8,27.28,70.6,,
2022-10-27,3631.14,5963.0,5.97,6461.61,2.59,7840.27,30.78,74.0,,
2022-10-28,3541.33,5781.8,5.78,6239.93,2.5,7551.99,27.75,73.3,,
2022-10-31,3508.7,5807.11,5.81,6292.62,2.52,7630.53,27.96,69.1,,
2022-11-01,3634.17,5941.15,5.96,6439.82,2.59,7821.98,33.48,74.1,,
2022-11-02,3677.81,5997.8,6.0,6524.51,2.61,7929.7,46.2,76.1,,
2022-11-03,3647.9,5996.72,6.01,6566.84,2.63,7971.16,43.94,77.0,,
2022-11-04,3767.17,6133.46,6.16,6709.64,2.69,8126.03,53.83,78.0,,
2022-11-07,3775.3,6141.41,6.14,6713.64,2.69,8162.8,58.23,79.4,,
2022-11-08,3749.33,6134.26,6.15,6694.96,2.68,8156.39,48.97,78.2,,
2022-11-09,3714.27,6120.83,6.13,6676.01,2.67,8160.09,39.71,54.9,,
2022-11-10,3685.69,6089.7,6.11,6603.31,2.65,8104.79,39.27,58.9,,
2022-11-11,3788.44,6138.62,6.15,6643.48,2.66,8115.43,57.66,80.8,,
2022-11-14,3794.02,6129.51,6.14,6599.67,2.64,8073.82,59.6,80.1,,
2022-11-15,3865.97,6236.38,6.24,6752.51,2.7,8246.25,63.06,80.0,,
2022-11-16,3834.39,6203.92,6.21,6702.04,2.68,8201.17,60.56,74.6,,
2022-11-17,3818.66,6217.21,6.23,6714.5,2.69,8229.9,59.54,76.9,,
2022-11-18,3801.57,6191.65,6.21,6658.4,2.67,8162.15,60.78,75.2,,
2022-11-21,3769.13,6189.71,6.21,6689.33,2.68,8217.83,59.86,58.9,,
2022-11-22,3769.57,6125.4,6.14,6583.23,2.64,8088.31,56.47,56.8,,
2022-11-23,3773.53,6115.6,6.13,6567.99,2.63,8056.55,55.24,55.6,,
2022-11-24,3756.81,6120.07,6.13,6586.86,2.64,8089.42,49.57,55.8,,
2022-11-25,3775.78,6087.86,6.1,6512.16,2.61,7991.21,50.9,49.0,,
2022-11-28,3733.24,6055.28,6.07,6492.71,2.6,7964.55,50.79,44.8,,
2022-11-29,3848.42,6163.82,6.17,6594.32,2.64,8093.46,65.02,64.9,,
2022-11-30,3853.04,6156.15,6.16,6590.31,2.63,8092.26,73.49,66.9,,
2022-12-01,3894.77,6186.1,6.19,6658.43,2.67,8161.51,80.34,69.5,,
2022-12-02,3870.95,6168.01,6.18,6680.54,2.67,8207.76,73.26,62.0,,
2022-12-05,3946.88,6215.12,6.22,6714.37,2.69,8256.49,78.98,69.4,,
2022-12-06,3968.2,6211.25,6.22,6703.55,2.68,8214.63,84.39,71.2,,
2022-12-07,3958.44,6204.01,6.21,6705.29,2.68,8217.27,81.68,71.2,,
2022-12-08,3959.18,6186.28,6.2,6662.34,2.67,8171.94,76.93,52.9,,
2022-12-09,3998.24,6192.3,6.21,6680.38,2.67,8171.45,75.36,64.9,,
2022-12-12,3953.44,6154.81,6.18,6655.67,2.67,8157.07,74.38,62.9,,
2022-12-13,3945.68,6121.66,6.15,6593.67,2.64,8091.6,60.97,43.0,,
2022-12-14,3954.89,6096.39,6.12,6570.02,2.63,8060.31,61.06,38.2,,
2022-12-15,3951.99,6101.88,6.12,6597.55,2.64,8104.69,62.5,39.7,,
2022-12-16,3954.23,6072.86,6.1,6519.44,2.61,8008.13,65.64,44.4,,
2022-12-19,3893.22,5936.48,5.97,6390.77,2.56,7830.33,57.1,40.2,,
2022-12-20,3829.02,5878.03,5.91,6341.58,2.54,7781.61,51.22,41.5,,
2022-12-21,3830.54,5845.84,5.88,6289.14,2.52,7719.44,48.51,43.7,,
2022-12-22,3836.03,5779.06,5.81,6186.93,2.48,7594.4,48.17,45.6,,
2022-12-23,3828.22,5763.35,5.79,6160.75,2.47,7562.41,48.29,47.5,,
2022-12-26,3843.49,5843.26,5.86,6275.52,2.51,7707.31,50.97,48.4,,
2022-12-27,3887.85,5885.66,5.9,6325.63,2.53,7743.81,49.76,47.1,,
2022-12-28,3871.26,5862.1,5.88,6268.47,2.51,7659.52,50.77,45.6,,
2022-12-29,3856.7,5857.4,5.88,6261.83,2.51,7637.11,45.6,45.0,,
2022-12-30,3871.63,5864.47,5.89,6281.62,2.51,7677.64,43.67,44.6,,
2023-01-03,3887.9,5955.9,5.97,6423.7,2.57,7875.71,46.28,43.0,71,57
2023-01-04,3892.95,5952.45,5.97,6421.28,2.57,7894.4,56.1,42.1,92,72
2023-01-05,3968.58,6010.46,6.03,6485.47,2.6,7954.43,66.44,42.6,84,61
2023-01-06,3980.89,6012.82,6.04,6500.32,2.6,7956.38,70.05,43.2,92,80
2023-01-09,4013.12,6040.02,6.05,6535.75,2.61,7997.59,69.26,42.9,91,82
2023-01-10,4017.47,6048.3,6.07,6540.2,2.61,7997.17,64.95,43.2,84,85
2023-01-11,4010.03,6014.16,6.04,6486.9,2.6,7933.87,61.23,43.2,78,79
2023-01-12,4017.87,6015.29,6.03,6489.57,2.6,7934.5,60.54,42.0,66,52
2023-01-13,4074.38,6057.69,6.08,6517.51,2.61,7953.85,60.98,40.2,72,63
2023-01-16,4137.96,6126.18,6.14,6591.81,2.64,8032.3,75.98,42.8,80,76
2023-01-17,4137.24,6132.64,6.15,6597.49,2.63,8025.63,80.36,42.8,91,85
2023-01-18,4130.31,6151.46,6.18,6613.01,2.65,8053.03,70.51,43.0,95,87
2023-01-19,4156.01,6204.33,6.23,6676.08,2.67,8109.15,71.19,42.9,87,88
2023-01-20,4181.53,6251.43,6.28,6736.85,2.7,8185.15,75.71,43.2,85,89
2023-01-30,4201.35,6283.33,6.3,6786.45,2.71,8292.67,92.66,78.1,86,87
2023-01-31,4156.86,6289.15,6.3,6805.28,2.72,8328.12,98.2,75.5,89,87
2023-02-01,4195.93,6365.91,6.38,6916.72,2.76,8472.51,95.94,78.1,81,80
2023-02-02,4181.15,6370.14,6.39,6933.23,2.77,8493.99,99.1,71.0,87,86
2023-02-03,4141.63,6343.69,6.36,6925.08,2.77,8493.54,94.7,77.8,88,78
2023-02-06,4086.88,6302.33,6.33,6891.41,2.76,8477.38,87.03,75.2,53,51
2023-02-07,4094.23,6317.24,6.33,6924.32,2.77,8528.29,81.73,72.3,17,39
2023-02-08,4076.14,6268.28,6.29,6877.72,2.75,8477.25,79.14,52.9,24,32
2023-02-09,4130.86,6354.56,6.38,6999.18,2.8,8607.68,80.72,64.9,64,54
2023-02-10,4106.31,6334.25,6.36,6975.39,2.79,8576.63,81.18,66.9,83,63
2023-02-13,4143.57,6383.83,6.39,7052.18,2.82,8666.49,86.94,69.5,74,69
2023-02-14,4145.29,6397.21,6.41,7061.45,2.82,8674.88,87.06,67.4,91,72
2023-02-15,4123.69,6384.35,6.4,7063.6,2.82,8700.14,84.69,71.9,82,76
2023-02-16,4093.49,6289.48,6.31,6925.2,2.77,8502.59,88.55,75.1,64,45
2023-02-17,4034.51,6237.41,6.26,6868.55,2.75,8441.03,82.26,77.6,43,30
2023-02-20,4133.49,6346.07,6.36,6959.36,2.78,8547.45,79.43,77.6,44,49
2023-02-21,4144.35,6383.42,6.4,6990.48,2.79,8588.23,79.76,76.6,71,53
2023-02-22,4106.95,6375.07,6.39,6998.43,2.8,8599.21,66.35,52.9,86,36
2023-02-23,4103.65,6360.32,6.38,6966.79,2.79,8562.3,58.0,47.5,57,34
2023-02-24,4061.05,6340.84,6.36,6944.82,2.78,8542.27,52.38,47.0,44,34
2023-02-27,4043.84,6307.21,6.33,6894.3,2.76,8474.07,46.08,50.2,46,28
2023-02-28,4069.46,6357.54,6.37,6955.57,2.78,8559.04,48.66,43.9,52,32
2023-03-01,4126.94,6402.14,6.41,7002.77,2.8,8627.46,55.9,44.3,68,54
2023-03-02,4117.74,6382.23,6.4,6972.31,2.79,8586.3,62.8,62.9,82,57
2023-03-03,4130.55,6390.32,6.4,6967.94,2.78,8571.5,63.9,58.9,92,49
2023-03-06,4109.01,6395.22,6.4,6997.04,2.8,8600.11,64.13,66.9,81,63
2023-03-07,4048.85,6284.3,6.3,6855.34,2.74,8413.24,61.81,66.9,47,36
2023-03-08,4034.11,6301.52,6.31,6891.46,2.75,8475.73,51.86,38.6,39,26
2023-03-09,4019.85,6285.95,6.31,6892.86,2.76,8479.46,38.1,38.0,32,34
2023-03-10,3967.14,6204.9,6.23,6798.3,2.72,8357.83,39.03,38.3,29,33
2023-03-13,4008.69,6245.0,6.26,6832.62,2.73,8396.39,44.11,44.5,38,29
2023-03-14,3984.7,6189.4,6.21,6769.85,2.71,8299.61,47.07,42.1,32,39
2023-03-15,3986.9,6224.64,6.24,6803.47,2.72,8357.1,47.85,43.0,30,33
2023-03-16,3939.15,6140.83,6.17,6689.78,2.68,8215.76,42.78,44.0,26,28
2023-03-17,3958.82,6183.18,6.2,6736.37,2.7,8286.71,54.15,62.9,31,50
2023-03-20,3939.08,6160.35,6.18,6721.45,2.69,8270.76,55.21,80.1,46,36
2023-03-21,3982.38,6234.68,6.25,6809.39,2.72,8389.24,57.11,70.0,32,43
2023-03-22,3999.44,6269.74,6.28,6840.33,2.73,8435.41,51.79,65.0,41,65
2023-03-23,4039.09,6305.76,6.32,6868.83,2.74,8440.39,61.04,72.1,83,59.0
2023-03-24,4027.05,6310.1,6.32,6867.95,2.74,8452.19,62.17,75.5,92,94.0
2023-03-27,4012.48,6311.6,6.32,6886.69,2.75,8471.75,61.62,75.6,87,71.0
2023-03-28,3999.51,6279.92,6.31,6825.38,2.73,8398.19,56.34,77.9,62,38.4
2023-03-29,4006.14,6260.55,6.28,6806.28,2.73,8369.68,49.92,78.2,46,32.0
2023-03-30,4038.53,6286.18,6.31,6807.64,2.72,8340.53,50.8,75.6,38,34.0
2023-03-31,4050.93,6339.82,6.36,6875.81,2.75,8437.32,49.67,72.1,74,54.0
2023-04-03,4090.57,6413.81,6.42,6962.2,2.78,8536.6,60.0,72.1,77,64.0
2023-04-04,4103.11,6408.9,6.43,6953.36,2.78,8481.12,66.0,72.7,82,69.0
2023-04-06,4096.64,6416.85,6.43,6983.03,2.79,8490.14,65.0,73.9,87,73.0
2023-04-07,4123.28,6464.47,6.48,7042.89,2.81,8577.06,67.0,76.3,84,75.0
2023-04-10,4104.81,6410.52,6.43,6968.57,2.79,8461.96,68.0,79.5,79,58.0
2023-04-11,4100.15,6420.88,6.43,6984.14,2.79,8491.66,65.0,77.8,74,39.0
2023-04-12,4097.29,6443.44,6.45,7021.02,2.81,8559.65,66.0,77.1,80,43.0
2023-04-13,4068.98,6404.65,6.43,6966.82,2.79,8495.74,64.0,76.4,71,41.0
2023-04-14,4092.0,6431.07,6.44,7020.09,2.8,8530.13,69.0,75.5,76,49.0
2023-04-17,4149.38,6459.24,6.47,7012.77,2.81,8515.1,68.0,82.7,79,54.0
2023-04-18,4162.03,6449.85,6.46,6997.07,2.8,8480.88,66.0,75.1,81,59.0
2023-04-19,4124.56,6416.97,6.43,6965.58,2.78,8452.66,58.0,67.3,91,52.0
2023-04-20,4113.02,6411.76,6.42,6963.9,2.79,8444.08,58.0,66.9,64,51.0
2023-04-21,4032.57,6250.54,6.27,6773.51,2.71,8197.21,52.0,66.1,51,51.0
2023-04-24,3982.64,6208.78,6.23,6725.27,2.69,8162.78,48.0,69.9,45,33.0
2023-04-25,3962.67,6118.15,6.13,6603.24,2.65,8001.24,40.0,68.5,43,34.0
2023-04-26,3959.23,6142.15,6.16,6624.4,2.65,8064.85,39.0,66.3,37,27.0
2023-04-27,3988.42,6157.94,6.19,6633.49,2.66,8048.7,39.0,66.4,32,25.0
2023-04-28,4029.09,6241.24,6.28,6723.3,2.69,8195.7,44.0,68.3,36,47.0
2023-05-04,4030.25,6262.39,6.28,6733.97,2.69,8234.47,49.0,71.3,79,60.0
2023-05-05,4016.88,6200.58,6.22,6653.65,2.66,8145.11,39.0,54.0,82,39.0
2023-05-08,4062.66,6248.58,6.26,6702.5,2.68,8205.27,44.0,73.1,80,53.0
2023-05-09,4027.88,6181.98,6.2,6611.64,2.65,8069.27,38.0,70.4,95,50.0
2023-05-10,3996.87,6173.81,6.19,6627.31,2.65,8110.63,37.0,48.8,54,39.0
2023-05-11,3990.66,6154.47,6.17,6622.52,2.65,8120.08,24.0,44.7,45,27.0
2023-05-12,3937.76,6091.65,6.11,6535.94,2.62,8013.86,13.0,36.3,36,32
2023-05-15,3998.89,6159.39,6.18,6585.91,2.63,8074.63,17.0,38.3,28,29
2023-05-16,3969.52,6099.08,6.13,6504.7,2.6,7977.14,15.0,40.6,83,35
2023-05-17,3960.17,6122.05,6.14,6554.98,2.62,8063.87,9.0,53.2,49,31
2023-05-18,3956.07,6128.18,6.15,6583.74,2.63,8114.7,9.0,44.1,46,40
2023-05-19,3944.54,6117.08,6.16,6602.32,2.65,8124.68,11.0,45.6,62,36
2023-05-22,3969.33,6115.32,6.15,6595.98,2.64,8133.27,10.0,52.0,54,42
2023-05-23,3913.19,6052.43,6.08,6528.45,2.62,8046.77,8.0,51.0,59,33
2023-05-24,3859.09,6005.79,6.04,6513.18,2.61,8039.99,8.0,47.3,48,27
2023-05-25,3850.5,5988.19,6.02,6501.0,2.61,8028.16,12.0,45.9,39,25
2023-05-26,3850.95,6034.98,6.07,6546.41,2.63,8092.98,20.0,51.0,41,32
2023-05-29,3833.94,6025.16,6.07,6534.12,2.62,8074.35,20.0,43.6,44,39
2023-05-30,3837.75,6061.31,6.1,6564.47,2.63,8124.6,25.0,48.5,39,29
2023-05-31,3798.54,6047.8,6.09,6561.65,2.63,8121.24,18.0,45.4,44,32
2023-06-01,3806.87,6051.46,6.1,6574.76,2.64,8144.44,21.0,47.6,56,43
2023-06-02,3861.83,6105.22,6.15,6626.28,2.66,8198.59,28.0,48.1,58,49
2023-06-05,3844.25,6097.11,6.14,6632.96,2.66,8225.91,20.0,45.9,81,58
2023-06-06,3808.16,5983.42,6.03,6489.81,2.6,8043.67,17.0,39.7,91,39
2023-06-07,3789.34,5987.01,6.03,6488.56,2.6,8077.09,16.0,38.1,54,23
2023-06-08,3820.19,5966.15,6.02,6442.48,2.59,8019.94,15.0,39.9,45,28
2023-06-09,3836.7,6009.58,6.07,6495.56,2.61,8079.21,29.0,45.1,48,41
2023-06-12,3844.43,6027.71,6.09,6530.16,2.62,8126.63,30.0,49.2,57,48
2023-06-13,3864.91,6044.04,6.11,6554.96,2.63,8164.18,30.0,44.9,70,51
2023-06-14,3864.02,6044.08,6.11,6578.12,2.64,8179.04,33.0,51.2,90,57
2023-06-15,3925.5,6096.81,6.17,6613.95,2.66,8211.72,41.0,62.3,82,59
2023-06-16,3963.35,6148.01,6.21,6669.01,2.68,8290.2,47.0,63.8,84,62
2023-06-19,3930.91,6131.38,6.2,6693.3,2.69,8325.09,47.0,62.7,93,66
2023-06-20,3924.24,6126.11,6.2,6693.91,2.69,8311.06,51.0,62.1,91,70
2023-06-21,3864.03,5990.85,6.07,6548.41,2.64,8142.66,43.0,48.6,56,34
2023-06-26,3809.7,5887.03,5.97,6420.97,2.59,7963.09,39.0,35.5,56,31
2023-06-27,3845.43,5948.0,6.02,6507.27,2.62,8093.38,34.0,37.2,48,29
2023-06-28,3840.8,5942.31,6.03,6475.51,2.61,8041.69,32.0,38.6,41,27
2023-06-29,3821.84,5940.58,6.02,6520.04,2.62,8119.47,27.0,37.6,52,42
2023-06-30,3842.45,5998.73,6.1,6602.04,2.66,8221.36,32.0,40.2,71,48
2023-07-03,3892.88,6042.31,6.12,6612.88,2.66,8233.12,38.0,62.0,81,57
2023-07-04,3899.01,6055.26,6.14,6638.45,2.67,8271.76,41.0,54.4,94,65
2023-07-05,3868.81,6020.82,6.11,6584.42,2.65,8206.88,30.0,41.6,74,48
2023-07-06,3842.75,5988.55,6.07,6567.08,2.64,8195.6,31.0,36.9,57,40
2023-07-07,3825.7,5961.61,6.06,6521.43,2.63,8137.47,26.0,37.3,43,34
2023-07-10,3844.33,5984.28,6.08,6526.85,2.63,8134.5,27.0,42.7,40,33
2023-07-11,3869.49,6029.23,6.13,6579.37,2.65,8201.8,29.0,44.7,47,29
2023-07-12,3843.44,5962.79,6.07,6482.99,2.61,8078.16,29.0,41.3,76,40
2023-07-13,3898.42,6044.06,6.15,6548.31,2.64,8153.75,47.0,52.2,81,46
2023-07-14,3899.1,6030.52,6.13,6544.46,2.64,8156.91,48.0,50.2,92,55
2023-07-17,3867.17,6012.69,6.11,6516.56,2.63,8134.27,35.0,45.2,59,39
2023-07-18,3854.94,6001.8,6.1,6510.03,2.63,8122.11,18.0,42.9,52,30
2023-07-19,3850.87,5993.41,6.09,6492.35,2.62,8100.63,16.0,52.3,48,29
2023-07-20,3823.69,5925.48,6.03,6408.76,2.59,7989.23,13.0,50.4,43,25
2023-07-21,3821.91,5925.63,6.03,6401.42,2.58,7966.99,23.0,48.9,38,26
