time,50ETF,300ETF,500ETF,CYB,1000ETF
2023-04-03 09:30:00,16.8,15.88,15.64,18.87,16.86
2023-04-03 09:31:29,16.96,15.96,15.56,18.86,16.72
2023-04-03 09:32:29,16.97,15.96,15.61,18.85,16.71
2023-04-03 09:33:29,16.97,15.96,15.57,18.86,16.73
2023-04-03 09:34:29,16.95,15.95,15.51,18.81,16.69
2023-04-03 09:35:29,16.97,15.99,15.57,18.84,16.73
2023-04-03 09:36:29,16.99,16.02,15.54,18.84,16.72
2023-04-03 09:37:29,16.99,16.03,15.52,18.79,16.74
2023-04-03 09:38:29,17.03,15.98,15.54,18.79,16.81
2023-04-03 09:39:29,16.98,15.94,15.52,18.79,16.77
2023-04-03 09:40:29,16.97,15.98,15.57,18.8,16.69
2023-04-03 09:41:29,17.03,15.96,15.57,18.88,16.7
2023-04-03 09:42:29,17.04,16.02,15.62,18.8,16.69
2023-04-03 09:43:29,17.07,15.97,15.61,18.8,16.67
2023-04-03 09:44:29,17.06,15.94,15.58,18.81,16.67
2023-04-03 09:45:29,17.04,15.94,15.57,18.78,16.64
2023-04-03 09:46:29,17.04,15.95,15.62,18.83,16.62
2023-04-03 09:47:29,17.07,15.93,15.6,18.84,16.64
2023-04-03 09:48:29,17.07,15.91,15.59,18.76,16.65
2023-04-03 09:49:29,16.98,15.98,15.6,18.76,16.68
2023-04-03 09:50:29,16.94,15.94,15.63,18.77,16.68
2023-04-03 09:51:29,16.95,15.92,15.59,18.79,16.72
2023-04-03 09:52:29,16.92,15.95,15.6,18.76,16.7
2023-04-03 09:53:29,16.92,15.95,15.61,18.81,16.7
2023-04-03 09:54:29,16.88,15.91,15.62,18.88,16.73
2023-04-03 09:55:29,16.85,15.95,15.67,18.89,16.7
2023-04-03 09:56:29,16.86,15.94,15.65,18.89,16.63
2023-04-03 09:57:29,16.94,15.92,15.64,18.88,16.62
2023-04-03 09:58:29,16.93,15.92,15.65,18.83,16.66
2023-04-03 09:59:29,16.92,15.92,15.67,18.8,16.66
2023-04-03 10:00:29,16.93,15.9,15.65,18.86,16.64
2023-04-03 10:01:29,16.94,15.92,15.66,18.85,16.63
2023-04-03 10:02:29,16.9,15.91,15.71,18.85,16.63
2023-04-03 10:03:29,16.96,15.94,15.7,18.78,16.63
2023-04-03 10:04:29,16.95,15.92,15.68,18.78,16.63
2023-04-03 10:05:29,16.97,15.96,15.65,18.73,16.63
2023-04-03 10:06:29,16.96,15.95,15.6,18.65,16.58
2023-04-03 10:07:29,16.94,15.91,15.61,18.68,16.56
2023-04-03 10:08:29,16.9,15.92,15.64,18.69,16.55
2023-04-03 10:09:29,16.93,15.9,15.66,18.65,16.52
2023-04-03 10:10:29,16.93,15.9,15.66,18.67,16.55
2023-04-03 10:11:29,16.94,15.91,15.67,18.63,16.57
2023-04-03 10:12:29,16.94,15.91,15.63,18.7,16.58
2023-04-03 10:13:29,16.86,15.86,15.61,18.74,16.59
2023-04-03 10:14:29,16.82,15.87,15.6,18.74,16.61
2023-04-03 10:15:29,16.89,15.88,15.67,18.73,16.62
2023-04-03 10:16:29,16.95,15.89,15.64,18.7,16.61
2023-04-03 10:17:29,16.9,15.86,15.63,18.72,16.62
2023-04-03 10:18:29,16.91,15.85,15.64,18.7,16.62
2023-04-03 10:19:29,16.89,15.84,15.66,18.72,16.61
2023-04-03 10:20:29,16.92,15.86,15.63,18.7,16.61
2023-04-03 10:21:29,16.89,15.85,15.6,18.67,16.64
2023-04-03 10:22:29,16.84,15.87,15.64,18.62,16.64
2023-04-03 10:23:29,16.91,15.85,15.63,18.6,16.66
2023-04-03 10:24:29,16.96,15.84,15.61,18.62,16.66
2023-04-03 10:25:29,17.02,15.85,15.66,18.62,16.68
2023-04-03 10:26:29,17.02,15.87,15.66,18.64,16.69
2023-04-03 10:27:29,17.02,15.86,15.65,18.65,16.69
2023-04-03 10:28:29,16.99,15.87,15.65,18.66,16.7
2023-04-03 10:29:29,16.99,15.89,15.64,18.67,16.7
2023-04-03 10:30:29,17.02,15.87,15.64,18.71,16.73
2023-04-03 10:31:29,17.05,15.86,15.65,18.69,16.69
2023-04-03 10:32:29,17.04,15.89,15.66,18.69,16.71
2023-04-03 10:33:29,17.0,15.88,15.65,18.69,16.72
2023-04-03 10:34:29,16.97,15.85,15.64,18.71,16.69
2023-04-03 10:35:29,16.93,15.86,15.62,18.73,16.69
2023-04-03 10:36:29,16.97,15.88,15.62,18.69,16.73
2023-04-03 10:37:29,16.97,15.87,15.63,18.69,16.71
2023-04-03 10:38:29,16.94,15.87,15.61,18.73,16.71
2023-04-03 10:39:29,16.97,15.87,15.62,18.77,16.71
2023-04-03 10:40:29,16.97,15.86,15.65,18.71,16.73
2023-04-03 10:41:29,16.97,15.85,15.62,18.76,16.74
2023-04-03 10:42:29,17.0,15.87,15.65,18.76,16.76
2023-04-03 10:43:29,16.99,15.88,15.65,18.73,16.72
2023-04-03 10:44:29,16.98,15.88,15.65,18.74,16.72
2023-04-03 10:45:29,16.89,15.88,15.66,18.75,16.75
2023-04-03 10:46:29,16.87,15.86,15.67,18.75,16.74
2023-04-03 10:47:29,16.86,15.85,15.66,18.78,16.76
2023-04-03 10:48:29,16.83,15.85,15.64,18.82,16.78
2023-04-03 10:49:29,16.81,15.84,15.62,18.73,16.79
2023-04-03 10:50:29,16.82,15.85,15.63,18.76,16.76
2023-04-03 10:51:29,16.81,15.88,15.63,18.74,16.78
2023-04-03 10:52:29,16.88,15.85,15.64,18.71,16.79
2023-04-03 10:53:29,16.95,15.87,15.63,18.74,16.78
2023-04-03 10:54:29,16.92,15.88,15.62,18.74,16.77
2023-04-03 10:55:29,16.92,15.85,15.63,18.73,16.78
2023-04-03 10:56:29,16.89,15.8,15.64,18.69,16.78
2023-04-03 10:57:29,16.88,15.8,15.63,18.69,16.79
2023-04-03 10:58:29,16.88,15.84,15.63,18.67,16.8
2023-04-03 10:59:29,16.91,15.86,15.62,18.68,16.79
2023-04-03 11:00:29,16.93,15.88,15.62,18.72,16.78
2023-04-03 11:01:29,16.91,15.88,15.64,18.71,16.8
2023-04-03 11:02:29,16.91,15.87,15.62,18.74,16.79
2023-04-03 11:03:29,16.88,15.84,15.62,18.72,16.79
2023-04-03 11:04:29,16.88,15.83,15.61,18.72,16.81
2023-04-03 11:05:29,16.87,15.86,15.59,18.69,16.79
2023-04-03 11:06:29,16.84,15.84,15.6,18.68,16.82
2023-04-03 11:07:29,16.88,15.84,15.61,18.66,16.84
2023-04-03 11:08:29,16.88,15.83,15.62,18.67,16.84
2023-04-03 11:09:29,16.86,15.81,15.62,18.66,16.86
2023-04-03 11:10:29,16.86,15.82,15.63,18.67,16.89
2023-04-03 11:11:29,16.83,15.83,15.61,18.67,16.88
2023-04-03 11:12:29,16.83,15.82,15.59,18.67,16.87
2023-04-03 11:13:29,16.96,15.8,15.59,18.65,16.86
2023-04-03 11:14:29,16.93,15.83,15.59,18.67,16.87
2023-04-03 11:15:29,16.89,15.84,15.63,18.7,16.88
2023-04-03 11:16:29,16.88,15.85,15.66,18.72,16.92
2023-04-03 11:17:29,16.89,15.8,15.65,18.76,16.94
2023-04-03 11:18:29,16.88,15.81,15.61,18.79,16.94
2023-04-03 11:19:29,16.91,15.83,15.64,18.75,16.94
2023-04-03 11:20:29,16.88,15.86,15.69,18.74,16.92
2023-04-03 11:21:29,16.91,15.83,15.66,18.73,16.93
2023-04-03 11:22:29,16.93,15.81,15.68,18.72,16.95
2023-04-03 11:23:29,16.94,15.83,15.64,18.74,16.95
2023-04-03 11:24:29,16.95,15.84,15.64,18.73,16.98
2023-04-03 11:25:29,16.98,15.87,15.68,18.76,17.02
2023-04-03 11:26:29,17.03,15.84,15.65,18.74,17.04
2023-04-03 11:27:29,17.0,15.87,15.68,18.78,17.06
2023-04-03 11:28:29,17.03,15.88,15.67,18.81,17.09
2023-04-03 11:30:00,17.01,15.88,15.67,18.82,17.08
2023-04-03 11:30:29,17.01,15.91,15.68,18.85,17.09
2023-04-03 13:00:41,17.02,15.93,15.7,18.87,17.11
2023-04-03 13:01:41,17.04,15.9,15.74,18.82,17.03
2023-04-03 13:02:41,17.05,15.88,15.71,18.8,16.99
2023-04-03 13:03:41,17.02,15.92,15.69,18.83,17.0
2023-04-03 13:04:41,17.03,15.91,15.67,18.79,17.0
2023-04-03 13:05:41,17.01,15.89,15.69,18.8,17.08
2023-04-03 13:06:41,17.03,15.91,15.68,18.79,17.05
2023-04-03 13:07:41,17.03,15.92,15.68,18.78,17.03
2023-04-03 13:08:41,17.01,15.87,15.68,18.83,17.03
2023-04-03 13:09:41,17.02,15.88,15.7,18.81,17.05
2023-04-03 13:10:41,17.02,15.88,15.69,18.85,17.04
2023-04-03 13:11:41,17.05,15.87,15.7,18.78,17.04
2023-04-03 13:12:41,17.07,15.91,15.7,18.82,17.05
2023-04-03 13:13:41,17.07,15.94,15.67,18.91,17.08
2023-04-03 13:14:41,17.06,15.94,15.69,18.89,17.1
2023-04-03 13:15:41,17.03,15.92,15.69,18.84,17.06
2023-04-03 13:16:41,17.02,15.9,15.66,18.83,17.07
2023-04-03 13:17:41,17.04,15.91,15.66,18.88,17.05
2023-04-03 13:18:41,17.04,15.92,15.67,18.82,17.0
2023-04-03 13:19:41,17.06,15.95,15.69,18.85,16.98
2023-04-03 13:20:41,17.08,15.97,15.68,18.88,16.99
2023-04-03 13:21:41,17.07,15.96,15.69,18.86,16.98
2023-04-03 13:22:41,17.1,15.97,15.7,18.82,16.98
2023-04-03 13:23:41,17.09,15.95,15.69,18.81,17.01
2023-04-03 13:24:41,17.07,15.93,15.72,18.8,17.02
2023-04-03 13:25:41,17.08,15.95,15.71,18.86,17.01
2023-04-03 13:26:41,17.14,15.97,15.71,18.87,16.99
2023-04-03 13:27:41,17.15,16.0,15.72,18.86,17.0
2023-04-03 13:28:41,17.15,15.99,15.72,18.89,17.0
2023-04-03 13:29:41,17.13,16.0,15.7,18.87,17.01
2023-04-03 13:30:41,17.16,16.02,15.72,18.84,17.02
2023-04-03 13:31:41,17.15,16.0,15.72,18.8,17.02
2023-04-03 13:32:41,17.13,15.99,15.75,18.79,17.01
2023-04-03 13:33:41,17.13,15.98,15.75,18.78,16.98
2023-04-03 13:34:41,17.13,15.98,15.74,18.79,16.98
2023-04-03 13:35:41,17.13,16.0,15.76,18.81,16.97
2023-04-03 13:36:41,17.14,15.99,15.75,18.82,17.0
2023-04-03 13:37:41,17.15,16.0,15.71,18.8,16.99
2023-04-03 13:38:41,17.14,15.99,15.73,18.82,17.0
2023-04-03 13:39:41,17.14,15.99,15.75,18.84,16.99
2023-04-03 13:40:41,17.16,15.97,15.77,18.9,17.01
2023-04-03 13:41:41,17.17,15.98,15.7,18.88,17.0
2023-04-03 13:42:41,17.17,15.99,15.7,18.92,16.99
2023-04-03 13:43:41,17.15,15.95,15.71,18.89,17.0
2023-04-03 13:44:41,17.15,15.95,15.69,18.93,17.0
2023-04-03 13:45:41,17.19,15.94,15.72,18.93,16.96
2023-04-03 13:46:41,17.2,15.91,15.72,18.91,16.92
2023-04-03 13:47:41,17.18,15.89,15.68,18.85,16.9
2023-04-03 13:48:41,17.17,15.87,15.69,18.85,16.92
2023-04-03 13:49:41,17.18,15.86,15.7,18.84,16.92
2023-04-03 13:50:41,17.14,15.87,15.7,18.82,16.96
2023-04-03 13:51:41,17.13,15.88,15.71,18.83,16.98
2023-04-03 13:52:41,17.16,15.89,15.68,18.83,16.98
2023-04-03 13:53:41,17.17,15.9,15.68,18.85,16.98
2023-04-03 13:54:41,17.21,15.91,15.67,18.84,16.96
2023-04-03 13:55:41,17.23,15.91,15.68,18.87,16.96
2023-04-03 13:56:41,17.23,15.93,15.7,18.91,16.94
2023-04-03 13:57:41,17.21,15.93,15.71,18.89,16.95
2023-04-03 13:58:41,17.2,15.91,15.71,18.92,16.93
2023-04-03 13:59:41,17.21,15.9,15.71,18.99,16.94
2023-04-03 14:00:41,17.25,15.89,15.69,18.97,16.96
2023-04-03 14:01:41,17.24,15.85,15.71,18.96,16.95
2023-04-03 14:02:41,17.22,15.83,15.71,18.96,16.92
2023-04-03 14:03:41,17.22,15.82,15.75,18.97,16.94
2023-04-03 14:04:41,17.19,15.84,15.74,18.96,16.96
2023-04-03 14:05:41,17.2,15.87,15.76,18.92,16.96
2023-04-03 14:06:41,17.21,15.89,15.76,18.95,16.94
2023-04-03 14:07:41,17.18,15.9,15.76,18.98,16.97
2023-04-03 14:08:41,17.16,15.92,15.76,18.98,16.97
2023-04-03 14:09:41,17.15,15.94,15.78,18.97,17.02
2023-04-03 14:10:41,17.15,15.94,15.78,18.98,17.01
2023-04-03 14:11:41,17.16,15.96,15.79,19.0,17.05
2023-04-03 14:12:41,17.15,15.96,15.71,19.01,17.05
2023-04-03 14:13:41,17.12,15.95,15.69,19.05,17.07
2023-04-03 14:14:41,17.13,15.95,15.74,19.06,17.08
2023-04-03 14:15:41,17.14,15.97,15.78,19.1,17.11
2023-04-03 14:16:41,17.13,15.99,15.82,19.09,17.13
2023-04-03 14:17:41,17.14,15.95,15.83,19.13,17.1
2023-04-03 14:18:41,17.1,15.87,15.85,19.11,17.09
2023-04-03 14:19:41,17.07,15.86,15.87,19.14,17.17
2023-04-03 14:20:41,17.16,15.88,15.92,19.12,17.17
2023-04-03 14:21:41,17.16,15.88,15.96,19.17,17.16
2023-04-03 14:22:41,17.13,15.87,15.95,19.15,17.08
2023-04-03 14:23:41,17.13,15.91,15.94,19.06,17.08
2023-04-03 14:24:41,17.13,15.9,15.91,18.99,17.1
2023-04-03 14:25:41,17.14,15.9,15.92,18.96,17.08
2023-04-03 14:26:41,17.16,15.89,15.92,18.96,17.07
2023-04-03 14:27:41,17.14,15.89,15.94,18.96,17.05
2023-04-03 14:28:41,17.09,15.89,15.92,18.97,17.04
2023-04-03 14:29:41,17.09,15.89,15.94,18.97,17.03
2023-04-03 14:30:41,17.09,15.91,15.94,19.02,17.05
2023-04-03 14:31:41,17.09,15.92,15.94,19.02,17.06
2023-04-03 14:32:41,17.07,15.9,15.94,19.05,17.07
2023-04-03 14:33:41,17.09,15.92,15.94,19.04,17.07
2023-04-03 14:34:41,17.06,15.89,15.93,18.98,17.06
2023-04-03 14:35:41,17.07,15.93,15.96,19.01,17.05
2023-04-03 14:36:41,17.07,15.96,15.94,19.01,17.07
2023-04-03 14:37:41,17.06,15.96,15.82,18.97,17.07
2023-04-03 14:38:41,17.07,15.97,15.83,18.99,17.07
2023-04-03 14:39:41,17.07,15.97,15.83,18.96,17.09
2023-04-03 14:40:41,17.04,15.93,15.83,19.0,17.08
2023-04-03 14:41:41,17.07,15.95,15.82,18.96,17.1
2023-04-03 14:42:41,17.08,15.93,15.84,18.93,17.07
2023-04-03 14:43:41,17.09,15.9,15.85,18.9,17.08
2023-04-03 14:44:41,17.06,15.91,15.85,18.89,17.08
2023-04-03 14:45:41,17.09,15.93,15.88,18.87,17.13
2023-04-03 14:46:41,17.12,15.9,15.85,18.83,17.14
2023-04-03 14:47:41,17.1,15.89,15.86,18.85,17.15
2023-04-03 14:48:41,17.1,15.87,15.87,18.86,17.14
2023-04-03 14:49:41,17.1,15.91,15.87,18.83,17.18
2023-04-03 14:50:41,17.12,15.92,15.86,18.91,17.15
2023-04-03 14:51:41,17.14,15.94,15.81,18.93,17.16
2023-04-03 14:52:41,17.14,15.93,15.83,18.94,17.19
2023-04-03 14:53:41,17.15,15.9,15.78,18.98,17.18
2023-04-03 14:54:41,17.15,15.91,15.8,18.94,17.19
2023-04-03 14:55:41,17.17,15.91,15.81,18.92,17.2
2023-04-03 14:56:41,17.16,15.89,15.74,18.91,17.18
2023-04-03 15:00:41,17.16,15.87,15.76,19.0,17.15
2023-04-04 09:30:00,17.17,15.93,16.04,19.25,17.4
2023-04-04 09:31:29,17.36,16.1,16.01,19.11,17.39
2023-04-04 09:32:29,17.41,16.1,16.03,19.17,17.37
2023-04-04 09:33:29,17.34,16.15,16.05,19.15,17.41
2023-04-04 09:34:29,17.34,16.12,16.1,19.13,17.4
2023-04-04 09:35:29,17.37,16.11,16.08,19.18,17.39
2023-04-04 09:36:29,17.36,16.14,16.1,19.18,17.43
2023-04-04 09:37:29,17.33,16.18,16.13,19.2,17.45
2023-04-04 09:38:29,17.36,16.19,16.16,19.2,17.5
2023-04-04 09:39:29,17.33,16.16,16.16,19.19,17.5
2023-04-04 09:40:29,17.34,16.12,16.14,19.16,17.5
2023-04-04 09:41:29,17.31,16.14,16.16,19.17,17.48
2023-04-04 09:42:29,17.29,16.18,16.16,19.16,17.47
2023-04-04 09:43:29,17.33,16.17,16.18,19.09,17.47
2023-04-04 09:44:29,17.36,16.19,16.23,19.07,17.46
2023-04-04 09:45:29,17.36,16.22,16.25,19.08,17.49
2023-04-04 09:46:29,17.31,16.19,16.29,19.12,17.45
2023-04-04 09:47:29,17.3,16.17,16.29,19.06,17.44
2023-04-04 09:48:29,17.3,16.15,16.28,19.06,17.44
2023-04-04 09:49:29,17.32,16.14,16.23,19.1,17.43
2023-04-04 09:50:29,17.35,16.14,16.19,19.11,17.43
2023-04-04 09:51:29,17.35,16.13,16.24,19.07,17.38
2023-04-04 09:52:29,17.35,16.13,16.23,19.07,17.39
2023-04-04 09:53:29,17.39,16.15,16.28,19.12,17.48
2023-04-04 09:54:29,17.39,16.15,16.28,19.09,17.5
2023-04-04 09:55:29,17.41,16.14,16.28,19.13,17.53
2023-04-04 09:56:29,17.43,16.14,16.26,19.14,17.6
2023-04-04 09:57:29,17.45,16.12,16.26,19.14,17.61
2023-04-04 09:58:29,17.42,16.1,16.28,19.18,17.64
2023-04-04 09:59:29,17.42,16.08,16.29,19.16,17.68
2023-04-04 10:00:29,17.43,16.1,16.28,19.21,17.69
2023-04-04 10:01:29,17.44,16.09,16.31,19.19,17.66
2023-04-04 10:02:29,17.46,16.1,16.29,19.26,17.65
2023-04-04 10:03:29,17.46,16.09,16.28,19.23,17.64
2023-04-04 10:04:29,17.48,16.11,16.3,19.22,17.62
2023-04-04 10:05:29,17.45,16.1,16.32,19.28,17.6
2023-04-04 10:06:29,17.41,16.08,16.3,19.26,17.56
2023-04-04 10:07:29,17.43,16.07,16.29,19.29,17.55
2023-04-04 10:08:29,17.43,16.06,16.29,19.32,17.55
2023-04-04 10:09:29,17.41,16.03,16.27,19.3,17.52
2023-04-04 10:10:31,17.41,16.06,16.27,19.23,17.52
2023-04-04 10:11:31,17.39,16.03,16.3,19.22,17.49
2023-04-04 10:12:31,17.41,16.03,16.3,19.19,17.5
2023-04-04 10:13:31,17.42,16.04,16.3,19.21,17.51
2023-04-04 10:14:31,17.41,16.05,16.3,19.22,17.51
2023-04-04 10:15:31,17.4,16.04,16.3,19.2,17.53
2023-04-04 10:16:31,17.35,16.03,16.31,19.2,17.52
2023-04-04 10:17:31,17.32,16.04,16.3,19.16,17.54
2023-04-04 10:18:31,17.33,16.04,16.32,19.16,17.55
2023-04-04 10:19:31,17.31,16.04,16.31,19.16,17.52
2023-04-04 10:20:31,17.32,16.04,16.28,19.11,17.52
2023-04-04 10:21:31,17.29,16.05,16.29,19.12,17.52
2023-04-04 10:22:31,17.27,16.07,16.28,19.12,17.51
2023-04-04 10:23:31,17.31,16.07,16.26,19.14,17.47
2023-04-04 10:24:31,17.29,16.08,16.25,19.14,17.49
2023-04-04 10:25:31,17.33,16.07,16.22,19.12,17.48
2023-04-04 10:26:31,17.33,16.09,16.23,19.13,17.49
2023-04-04 10:27:31,17.33,16.09,16.26,19.16,17.52
2023-04-04 10:28:31,17.32,16.13,16.25,19.1,17.53
2023-04-04 10:29:31,17.33,16.14,16.26,19.11,17.53
2023-04-04 10:30:31,17.31,16.14,16.25,19.13,17.57
2023-04-04 10:31:31,17.33,16.19,16.24,19.13,17.56
2023-04-04 10:32:31,17.34,16.19,16.24,19.15,17.57
2023-04-04 10:33:31,17.33,16.17,16.24,19.21,17.53
2023-04-04 10:34:31,17.36,16.15,16.25,19.18,17.51
2023-04-04 10:35:31,17.4,16.14,16.23,19.21,17.51
2023-04-04 10:36:31,17.37,16.13,16.22,19.19,17.48
2023-04-04 10:37:31,17.34,16.12,16.21,19.2,17.5
2023-04-04 10:38:31,17.38,16.13,16.21,19.18,17.49
2023-04-04 10:39:31,17.4,16.12,16.23,19.19,17.48
2023-04-04 10:40:31,17.4,16.11,16.25,19.17,17.46
2023-04-04 10:41:31,17.42,16.11,16.21,19.14,17.4
2023-04-04 10:42:31,17.43,16.12,16.22,19.12,17.32
2023-04-04 10:43:31,17.35,16.09,16.21,19.09,17.28
2023-04-04 10:44:31,17.32,16.05,16.24,19.09,17.27
2023-04-04 10:45:31,17.33,16.03,16.21,19.12,17.29
2023-04-04 10:46:31,17.33,16.06,16.23,19.07,17.29
2023-04-04 10:47:31,17.33,16.06,16.23,19.11,17.31
2023-04-04 10:48:31,17.34,16.03,16.22,19.16,17.3
2023-04-04 10:49:31,17.37,16.04,16.22,19.15,17.26
2023-04-04 10:50:31,17.34,16.05,16.22,19.15,17.26
2023-04-04 10:51:31,17.34,16.09,16.2,19.16,17.24
2023-04-04 10:52:31,17.33,16.09,16.18,19.16,17.27
2023-04-04 10:53:31,17.33,16.09,16.19,19.17,17.26
2023-04-04 10:54:31,17.31,16.1,16.2,19.15,17.27
2023-04-04 10:55:31,17.3,16.09,16.19,19.14,17.3
2023-04-04 10:56:31,17.31,16.09,16.21,19.12,17.26
2023-04-04 10:57:31,17.29,16.11,16.2,19.13,17.23
2023-04-04 10:58:31,17.29,16.11,16.2,19.13,17.24
2023-04-04 10:59:31,17.3,16.09,16.18,19.12,17.24
2023-04-04 11:00:31,17.29,16.07,16.19,19.11,17.23
2023-04-04 11:01:31,17.26,16.07,16.18,19.14,17.24
2023-04-04 11:02:31,17.26,16.09,16.18,19.14,17.26
2023-04-04 11:03:31,17.25,16.09,16.18,19.13,17.3
2023-04-04 11:04:31,17.27,16.08,16.17,19.13,17.31
2023-04-04 11:05:31,17.29,16.09,16.15,19.09,17.32
2023-04-04 11:06:31,17.32,16.09,16.1,19.08,17.32
2023-04-04 11:07:31,17.36,16.1,16.13,19.02,17.33
2023-04-04 11:08:31,17.39,16.08,16.15,19.01,17.33
2023-04-04 11:09:31,17.4,16.08,16.14,19.01,17.3
2023-04-04 11:10:31,17.41,16.07,16.09,19.03,17.29
2023-04-04 11:11:31,17.39,16.07,16.11,19.05,17.29
2023-04-04 11:12:31,17.41,16.08,16.09,19.08,17.28
2023-04-04 11:13:31,17.36,16.09,16.11,19.07,17.27
2023-04-04 11:14:31,17.31,16.1,16.13,19.07,17.28
2023-04-04 11:15:31,17.32,16.09,16.13,19.05,17.27
2023-04-04 11:16:31,17.32,16.08,16.14,19.05,17.28
2023-04-04 11:17:31,17.34,16.08,16.14,19.07,17.25
2023-04-04 11:18:31,17.37,16.09,16.15,19.06,17.23
2023-04-04 11:19:31,17.36,16.12,16.13,19.08,17.26
2023-04-04 11:20:31,17.33,16.13,16.16,19.07,17.25
2023-04-04 11:21:31,17.28,16.1,16.11,19.1,17.27
2023-04-04 11:22:31,17.28,16.1,16.1,19.03,17.28
2023-04-04 11:23:31,17.29,16.1,16.11,19.01,17.29
2023-04-04 11:24:31,17.3,16.09,16.13,19.04,17.31
2023-04-04 11:25:31,17.32,16.08,16.12,19.0,17.3
2023-04-04 11:26:31,17.33,16.09,16.12,19.01,17.31
2023-04-04 11:27:31,17.3,16.11,16.15,19.0,17.34
2023-04-04 11:28:31,17.32,16.11,16.11,18.99,17.35
2023-04-04 11:30:00,17.32,16.06,16.13,18.97,17.35
2023-04-04 11:30:31,17.32,16.05,16.18,18.96,17.35
2023-04-04 13:00:18,17.33,16.07,16.19,18.97,17.37
2023-04-04 13:01:18,17.34,16.07,16.16,18.97,17.41
2023-04-04 13:02:18,17.35,16.1,16.17,19.01,17.41
2023-04-04 13:03:18,17.35,16.09,16.15,19.01,17.43
2023-04-04 13:04:18,17.32,16.11,16.16,19.03,17.43
2023-04-04 13:05:18,17.32,16.09,16.15,19.05,17.44
2023-04-04 13:06:18,17.33,16.08,16.14,19.04,17.48
2023-04-04 13:07:18,17.33,16.06,16.18,19.03,17.48
2023-04-04 13:08:18,17.33,16.07,16.2,19.05,17.48
2023-04-04 13:09:18,17.33,16.05,16.19,19.05,17.51
2023-04-04 13:10:18,17.33,16.04,16.15,19.07,17.52
2023-04-04 13:11:18,17.32,16.07,16.17,19.06,17.48
2023-04-04 13:12:18,17.34,16.07,16.19,19.02,17.5
2023-04-04 13:13:18,17.32,16.06,16.18,19.03,17.52
2023-04-04 13:14:18,17.29,16.06,16.18,19.03,17.51
2023-04-04 13:15:18,17.28,16.06,16.18,19.06,17.5
2023-04-04 13:16:18,17.27,16.05,16.19,19.07,17.48
2023-04-04 13:17:18,17.28,16.04,16.18,19.05,17.47
2023-04-04 13:18:18,17.28,16.03,16.16,19.05,17.46
2023-04-04 13:19:18,17.26,16.04,16.17,19.05,17.44
2023-04-04 13:20:18,17.26,16.03,16.16,19.03,17.42
2023-04-04 13:21:18,17.27,16.01,16.16,19.05,17.42
2023-04-04 13:22:18,17.3,16.0,16.18,19.06,17.41
2023-04-04 13:23:18,17.29,16.0,16.18,19.06,17.38
2023-04-04 13:24:18,17.32,16.04,16.16,19.07,17.36
2023-04-04 13:25:18,17.34,16.05,16.14,19.09,17.39
2023-04-04 13:26:18,17.34,16.04,16.15,19.08,17.4
2023-04-04 13:27:18,17.34,16.03,16.17,19.08,17.41
2023-04-04 13:28:18,17.31,16.04,16.15,19.07,17.4
2023-04-04 13:29:18,17.32,16.03,16.13,19.04,17.4
2023-04-04 13:30:18,17.3,16.04,16.15,19.07,17.43
2023-04-04 13:31:18,17.29,16.05,16.15,19.06,17.43
2023-04-04 13:32:18,17.31,16.06,16.13,19.07,17.42
2023-04-04 13:33:18,17.28,16.06,16.14,19.07,17.44
2023-04-04 13:34:18,17.29,16.06,16.14,19.07,17.44
2023-04-04 13:35:18,17.31,16.05,16.16,19.05,17.44
2023-04-04 13:36:18,17.29,16.05,16.17,19.05,17.41
2023-04-04 13:37:18,17.28,16.05,16.16,19.06,17.4
2023-04-04 13:38:18,17.27,16.05,16.18,19.1,17.4
2023-04-04 13:39:18,17.28,16.05,16.21,19.09,17.41
2023-04-04 13:40:18,17.28,16.08,16.22,19.09,17.4
2023-04-04 13:41:18,17.31,16.08,16.24,19.1,17.39
2023-04-04 13:42:18,17.31,16.09,16.22,19.07,17.38
2023-04-04 13:43:18,17.32,16.09,16.21,19.08,17.38
2023-04-04 13:44:18,17.31,16.08,16.21,19.06,17.36
2023-04-04 13:45:18,17.3,16.08,16.21,19.08,17.37
2023-04-04 13:46:18,17.26,16.07,16.19,19.09,17.34
2023-04-04 13:47:18,17.22,16.06,16.19,19.11,17.33
2023-04-04 13:48:18,17.2,16.04,16.17,19.09,17.35
2023-04-04 13:49:18,17.2,16.03,16.18,19.12,17.33
2023-04-04 13:50:18,17.25,16.03,16.17,19.07,17.31
2023-04-04 13:51:18,17.25,16.02,16.2,19.07,17.3
2023-04-04 13:52:18,17.26,16.04,16.2,19.09,17.3
2023-04-04 13:53:18,17.24,16.07,16.17,19.07,17.28
2023-04-04 13:54:18,17.21,16.07,16.17,19.08,17.25
2023-04-04 13:55:18,17.19,16.03,16.16,19.1,17.27
2023-04-04 13:56:18,17.12,16.01,16.08,19.06,17.29
2023-04-04 13:57:18,17.19,15.99,16.1,19.0,17.29
2023-04-04 13:58:18,17.19,15.99,16.12,19.03,17.28
2023-04-04 13:59:18,17.19,15.99,16.14,19.01,17.28
2023-04-04 14:00:18,17.24,15.98,16.14,18.96,17.26
2023-04-04 14:01:18,17.23,15.99,16.15,18.98,17.24
2023-04-04 14:02:18,17.26,16.02,16.13,19.0,17.21
2023-04-04 14:03:18,17.34,16.02,16.12,19.0,17.26
2023-04-04 14:04:18,17.3,16.06,16.08,19.01,17.26
2023-04-04 14:05:18,17.25,16.07,16.04,18.97,17.27
2023-04-04 14:06:18,17.25,16.05,16.04,18.99,17.27
2023-04-04 14:07:18,17.26,16.05,16.05,18.98,17.26
2023-04-04 14:08:18,17.24,16.06,16.1,19.01,17.26
2023-04-04 14:09:18,17.25,16.02,16.06,19.01,17.24
2023-04-04 14:10:18,17.23,16.05,16.06,19.02,17.24
2023-04-04 14:11:18,17.26,16.04,16.08,18.99,17.23
2023-04-04 14:12:18,17.27,16.02,16.11,19.0,17.22
2023-04-04 14:13:18,17.27,16.04,16.07,19.03,17.15
2023-04-04 14:14:18,17.28,16.05,16.08,19.06,17.18
2023-04-04 14:15:18,17.27,16.07,16.03,19.08,17.2
2023-04-04 14:16:18,17.27,16.07,16.02,19.07,17.24
2023-04-04 14:17:18,17.27,16.08,16.03,19.05,17.22
2023-04-04 14:18:18,17.26,16.07,16.05,19.08,17.24
2023-04-04 14:19:18,17.24,16.06,16.06,19.1,17.24
2023-04-04 14:20:18,17.22,16.03,16.03,19.1,17.27
2023-04-04 14:21:18,17.21,16.03,16.07,19.03,17.26
2023-04-04 14:22:18,17.2,16.03,16.08,18.98,17.3
2023-04-04 14:23:18,17.16,15.99,16.09,18.94,17.3
2023-04-04 14:24:18,17.17,15.98,16.09,18.92,17.32
2023-04-04 14:25:18,17.17,16.0,16.14,18.95,17.34
2023-04-04 14:26:18,17.17,15.98,16.14,18.93,17.32
2023-04-04 14:27:18,17.17,15.98,16.17,18.96,17.32
2023-04-04 14:28:18,17.13,16.02,16.13,18.98,17.31
2023-04-04 14:29:18,17.08,15.94,16.11,18.95,17.32
2023-04-04 14:30:18,17.07,15.91,16.06,18.92,17.34
2023-04-04 14:31:18,17.07,15.96,16.06,18.94,17.37
2023-04-04 14:32:18,17.11,15.97,16.04,18.94,17.33
2023-04-04 14:33:18,17.11,15.97,16.06,18.94,17.35
2023-04-04 14:34:18,17.08,15.98,16.07,18.95,17.38
2023-04-04 14:35:18,17.06,15.96,16.05,18.98,17.4
2023-04-04 14:36:18,17.05,15.94,16.07,18.92,17.4
2023-04-04 14:37:18,17.02,15.93,16.04,18.92,17.41
2023-04-04 14:38:18,17.01,15.95,16.06,18.91,17.4
2023-04-04 14:39:18,17.01,15.91,15.97,18.9,17.37
2023-04-04 14:40:18,16.98,15.85,15.88,18.88,17.37
2023-04-04 14:41:18,16.96,15.84,15.87,18.89,17.29
2023-04-04 14:42:18,16.96,15.87,15.9,18.9,17.23
2023-04-04 14:43:18,16.96,15.89,15.93,18.9,17.21
2023-04-04 14:44:18,16.99,15.91,15.94,18.88,17.2
2023-04-04 14:45:18,17.03,15.89,15.93,18.94,17.18
2023-04-04 14:46:18,16.99,15.9,15.9,18.91,17.19
2023-04-04 14:47:18,16.99,15.89,15.95,18.9,17.21
2023-04-04 14:48:18,16.99,15.88,15.97,18.89,17.21
2023-04-04 14:49:18,16.98,15.87,15.96,18.92,17.2
2023-04-04 14:50:18,17.0,15.9,15.94,18.9,17.21
2023-04-04 14:51:18,17.01,15.9,15.95,18.91,17.24
2023-04-04 14:52:18,17.01,15.91,15.95,18.9,17.27
2023-04-04 14:53:18,17.03,15.94,15.93,18.93,17.28
2023-04-04 14:54:18,17.01,15.9,15.9,18.91,17.29
2023-04-04 14:55:18,16.93,15.87,15.85,18.92,17.28
2023-04-04 14:56:18,16.87,15.87,15.91,18.94,17.27
2023-04-04 15:00:00,,,,,
2023-04-14 09:30:00,15.38,14.83,15.16,17.33,17.15
2023-04-14 09:31:26,15.25,14.7,14.87,17.43,17.09
2023-04-14 09:32:26,15.22,14.66,14.86,17.39,16.89
2023-04-14 09:33:26,15.15,14.65,14.84,17.4,16.97
2023-04-14 09:34:26,15.22,14.68,14.84,17.39,17.01
2023-04-14 09:35:26,15.22,14.71,14.86,17.54,16.98
2023-04-14 09:36:26,15.24,14.68,14.84,17.45,17.01
2023-04-14 09:37:26,15.26,14.64,14.87,17.4,17.03
2023-04-14 09:38:26,15.19,14.61,14.86,17.49,17.05
2023-04-14 09:39:26,15.28,14.63,14.88,17.36,17.02
2023-04-14 09:40:26,15.27,14.65,14.93,17.51,17.02
2023-04-14 09:41:26,15.27,14.64,14.95,17.51,16.99
2023-04-14 09:42:26,15.28,14.64,14.92,17.43,16.92
2023-04-14 09:43:26,15.25,14.62,14.87,17.41,16.94
2023-04-14 09:44:26,15.27,14.58,14.88,17.46,16.93
2023-04-14 09:45:26,15.3,14.56,14.91,17.45,16.93
2023-04-14 09:46:26,15.24,14.61,14.91,17.4,16.92
2023-04-14 09:47:26,15.16,14.63,14.87,17.42,16.88
2023-04-14 09:48:26,15.11,14.62,14.87,17.41,16.88
2023-04-14 09:49:26,15.18,14.62,14.85,17.4,16.87
2023-04-14 09:50:26,15.17,14.6,14.86,17.42,16.82
2023-04-14 09:51:26,15.15,14.56,14.82,17.44,16.83
2023-04-14 09:52:26,15.12,14.51,14.81,17.38,16.8
2023-04-14 09:53:26,15.1,14.48,14.82,17.37,16.87
2023-04-14 09:54:26,15.12,14.51,14.84,17.36,16.84
2023-04-14 09:55:26,15.12,14.53,14.84,17.37,16.8
2023-04-14 09:56:26,15.15,14.52,14.85,17.41,16.81
2023-04-14 09:57:26,15.16,14.52,14.84,17.42,16.79
2023-04-14 09:58:26,15.16,14.5,14.85,17.44,16.79
2023-04-14 09:59:26,15.14,14.53,14.82,17.37,16.82
2023-04-14 10:00:26,15.14,14.47,14.77,17.41,16.75
2023-04-14 10:01:26,15.11,14.51,14.74,17.41,16.82
2023-04-14 10:02:26,15.17,14.54,14.78,17.36,16.82
2023-04-14 10:03:26,15.22,14.56,14.77,17.3,16.84
2023-04-14 10:04:26,15.26,14.54,14.77,17.32,16.83
2023-04-14 10:05:26,15.2,14.58,14.8,17.33,16.79
2023-04-14 10:06:26,15.2,14.56,14.77,17.41,16.77
2023-04-14 10:07:26,15.19,14.57,14.8,17.4,16.71
2023-04-14 10:08:26,15.2,14.52,14.8,17.4,16.65
2023-04-14 10:09:26,15.15,14.5,14.8,17.4,16.65
2023-04-14 10:10:26,15.16,14.49,14.74,17.37,16.69
2023-04-14 10:11:26,15.15,14.44,14.74,17.33,16.76
2023-04-14 10:12:26,15.15,14.47,14.76,17.32,16.71
2023-04-14 10:13:26,15.11,14.46,14.79,17.28,16.71
2023-04-14 10:14:26,15.09,14.46,14.87,17.31,16.7
2023-04-14 10:15:26,15.15,14.49,14.83,17.31,16.69
2023-04-14 10:16:26,15.14,14.5,14.86,17.22,16.71
2023-04-14 10:17:26,15.12,14.48,14.86,17.22,16.68
2023-04-14 10:18:26,15.12,14.48,14.87,17.22,16.75
2023-04-14 10:19:26,15.12,14.49,14.87,17.27,16.71
2023-04-14 10:20:26,15.16,14.46,14.78,17.3,16.69
2023-04-14 10:21:26,15.17,14.5,14.82,17.32,16.67
2023-04-14 10:22:26,15.18,14.47,14.8,17.35,16.66
2023-04-14 10:23:26,15.21,14.45,14.86,17.32,16.7
2023-04-14 10:24:26,15.19,14.48,14.82,17.24,16.66
2023-04-14 10:25:26,15.17,14.49,14.81,17.27,16.69
2023-04-14 10:26:26,15.16,14.51,14.87,17.27,16.7
2023-04-14 10:27:26,15.17,14.49,14.84,17.21,16.67
2023-04-14 10:28:26,15.19,14.47,14.84,17.27,16.69
2023-04-14 10:29:26,15.17,14.48,14.83,17.29,16.77
2023-04-14 10:30:26,15.21,14.47,14.8,17.26,16.78
2023-04-14 10:31:26,15.2,14.46,14.82,17.29,16.79
2023-04-14 10:32:26,15.19,14.45,14.84,17.3,16.72
2023-04-14 10:33:26,15.24,14.47,14.82,17.31,16.67
2023-04-14 10:34:26,15.27,14.48,14.88,17.33,16.74
2023-04-14 10:35:26,15.28,14.51,14.91,17.31,16.82
2023-04-14 10:36:26,15.24,14.52,14.88,17.34,16.8
2023-04-14 10:37:26,15.22,14.5,14.88,17.3,16.73
2023-04-14 10:38:26,15.2,14.49,14.86,17.29,16.75
2023-04-14 10:39:26,15.22,14.5,14.86,17.3,16.73
2023-04-14 10:40:26,15.19,14.55,14.87,17.29,16.72
2023-04-14 10:41:26,15.19,14.58,14.83,17.25,16.79
2023-04-14 10:42:26,15.2,14.55,14.82,17.25,16.83
2023-04-14 10:43:26,15.2,14.56,14.81,17.26,16.81
2023-04-14 10:44:26,15.17,14.54,14.83,17.29,16.78
2023-04-14 10:45:26,15.18,14.53,14.89,17.26,16.84
2023-04-14 10:46:26,15.16,14.53,14.88,17.34,16.81
2023-04-14 10:47:26,15.16,14.51,14.87,17.33,16.77
2023-04-14 10:48:26,15.16,14.49,14.88,17.3,16.81
2023-04-14 10:49:26,15.15,14.5,14.87,17.3,16.83
2023-04-14 10:50:26,15.15,14.5,14.85,17.31,16.87
2023-04-14 10:51:26,15.18,14.51,14.84,17.32,16.86
2023-04-14 10:52:26,15.19,14.52,14.82,17.27,16.84
2023-04-14 10:53:26,15.22,14.52,14.81,17.24,16.79
2023-04-14 10:54:26,15.26,14.55,14.79,17.27,16.75
2023-04-14 10:55:26,15.29,14.56,14.87,17.24,16.77
2023-04-14 10:56:26,15.28,14.54,14.9,17.25,16.76
2023-04-14 10:57:26,15.26,14.56,14.92,17.18,16.75
2023-04-14 10:58:26,15.25,14.55,14.94,17.18,16.81
2023-04-14 10:59:26,15.25,14.55,14.95,17.32,16.81
2023-04-14 11:00:26,15.22,14.53,14.9,17.29,16.81
2023-04-14 11:01:26,15.23,14.52,14.88,17.28,16.82
2023-04-14 11:02:26,15.22,14.51,14.88,17.25,16.8
2023-04-14 11:03:26,15.21,14.52,14.91,17.3,16.88
2023-04-14 11:04:26,15.21,14.5,14.88,17.24,16.91
2023-04-14 11:05:26,15.2,14.51,14.87,17.3,16.93
2023-04-14 11:06:26,15.2,14.49,14.92,17.28,16.93
2023-04-14 11:07:26,15.19,14.49,14.9,17.19,16.91
2023-04-14 11:08:26,15.19,14.49,14.93,17.24,16.95
2023-04-14 11:09:26,15.24,14.51,14.93,17.23,16.93
2023-04-14 11:10:26,15.22,14.5,14.93,17.22,16.91
2023-04-14 11:11:26,15.21,14.51,14.92,17.23,16.92
2023-04-14 11:12:26,15.23,14.55,14.91,17.24,16.93
2023-04-14 11:13:26,15.24,14.52,14.95,17.26,16.92
2023-04-14 11:14:26,15.23,14.53,14.97,17.27,16.87
2023-04-14 11:15:26,15.23,14.49,14.95,17.28,16.86
2023-04-14 11:16:26,15.22,14.49,14.92,17.22,16.88
2023-04-14 11:17:26,15.21,14.48,14.9,17.22,16.86
2023-04-14 11:18:26,15.18,14.47,14.85,17.18,16.84
2023-04-14 11:19:26,15.2,14.48,14.92,17.21,16.86
2023-04-14 11:20:26,15.2,14.48,14.9,17.29,16.88
2023-04-14 11:21:26,15.21,14.48,14.87,17.34,16.93
2023-04-14 11:22:26,15.22,14.46,14.85,17.32,16.91
2023-04-14 11:23:26,15.25,14.48,14.84,17.31,16.92
2023-04-14 11:24:26,15.25,14.5,14.86,17.33,16.95
2023-04-14 11:25:26,15.27,14.48,14.84,17.3,17.0
2023-04-14 11:26:26,15.28,14.45,14.83,17.36,16.97
2023-04-14 11:27:26,15.27,14.45,14.83,17.37,16.99
2023-04-14 11:28:26,15.25,14.44,14.81,17.37,16.95
2023-04-14 11:30:00,15.26,14.44,14.85,17.41,16.96
2023-04-14 11:30:26,15.21,14.46,14.88,17.38,16.97
2023-04-14 13:00:13,15.23,14.48,14.89,17.39,16.98
2023-04-14 13:01:13,15.22,14.53,14.89,17.36,16.98
2023-04-14 13:02:13,15.25,14.55,14.87,17.37,17.01
2023-04-14 13:03:13,15.27,14.53,14.86,17.34,17.02
2023-04-14 13:04:13,15.29,14.55,14.88,17.33,17.0
2023-04-14 13:05:13,15.3,14.55,14.88,17.31,16.96
2023-04-14 13:06:13,15.28,14.58,14.88,17.32,17.02
2023-04-14 13:07:13,15.28,14.58,14.88,17.32,16.97
2023-04-14 13:08:13,15.32,14.54,14.87,17.33,17.01
2023-04-14 13:09:13,15.29,14.54,14.89,17.39,17.08
2023-04-14 13:10:13,15.3,14.58,14.91,17.34,17.11
2023-04-14 13:11:13,15.31,14.57,14.89,17.35,17.11
2023-04-14 13:12:13,15.29,14.58,14.91,17.33,17.08
2023-04-14 13:13:13,15.3,14.58,14.92,17.3,17.05
2023-04-14 13:14:13,15.32,14.55,14.9,17.29,17.07
2023-04-14 13:15:13,15.29,14.58,14.91,17.31,17.05
2023-04-14 13:16:13,15.28,14.57,14.92,17.31,17.03
2023-04-14 13:17:13,15.31,14.55,14.93,17.35,17.02
2023-04-14 13:18:13,15.35,14.52,14.93,17.3,17.03
2023-04-14 13:19:13,15.34,14.54,14.91,17.34,17.03
2023-04-14 13:20:13,15.34,14.54,14.91,17.33,17.04
2023-04-14 13:21:13,15.31,14.54,14.87,17.35,17.08
2023-04-14 13:22:13,15.26,14.54,14.86,17.39,17.08
2023-04-14 13:23:13,15.23,14.53,14.88,17.42,17.09
2023-04-14 13:24:13,15.24,14.53,14.89,17.41,17.11
2023-04-14 13:25:13,15.24,14.53,14.88,17.43,17.1
2023-04-14 13:26:13,15.26,14.53,14.88,17.43,17.08
2023-04-14 13:27:13,15.27,14.52,14.86,17.43,17.09
2023-04-14 13:28:13,15.26,14.5,14.84,17.45,17.08
2023-04-14 13:29:13,15.27,14.5,14.86,17.41,17.09
2023-04-14 13:30:13,15.25,14.52,14.84,17.4,17.06
2023-04-14 13:31:13,15.27,14.52,14.87,17.36,17.02
2023-04-14 13:32:13,15.31,14.51,14.89,17.34,17.03
2023-04-14 13:33:13,15.36,14.51,14.89,17.37,17.03
2023-04-14 13:34:13,15.32,14.52,14.89,17.39,17.02
2023-04-14 13:35:13,15.24,14.51,14.89,17.38,17.04
2023-04-14 13:36:13,15.2,14.51,14.91,17.39,17.03
2023-04-14 13:37:13,15.21,14.46,14.9,17.37,17.04
2023-04-14 13:38:13,15.22,14.48,14.91,17.36,17.06
2023-04-14 13:39:13,15.22,14.5,14.89,17.38,17.07
2023-04-14 13:40:13,15.23,14.53,14.88,17.37,17.09
2023-04-14 13:41:13,15.27,14.52,14.89,17.38,17.13
2023-04-14 13:42:13,15.24,14.5,14.89,17.38,17.14
2023-04-14 13:43:13,15.21,14.48,14.91,17.36,17.15
2023-04-14 13:44:13,15.23,14.46,14.91,17.36,17.13
2023-04-14 13:45:13,15.19,14.49,14.89,17.37,17.14
2023-04-14 13:46:13,15.21,14.48,14.88,17.38,17.16
2023-04-14 13:47:13,15.2,14.48,14.89,17.39,17.16
2023-04-14 13:48:13,15.2,14.47,14.88,17.36,17.17
2023-04-14 13:49:13,15.2,14.47,14.89,17.31,17.17
2023-04-14 13:50:13,15.2,14.46,14.9,17.33,17.18
2023-04-14 13:51:13,15.19,14.49,14.88,17.34,17.2
2023-04-14 13:52:13,15.16,14.49,14.9,17.31,17.16
2023-04-14 13:53:13,15.16,14.5,14.88,17.34,17.13
2023-04-14 13:54:13,15.16,14.5,14.88,17.33,17.14
2023-04-14 13:55:13,15.2,14.49,14.87,17.32,17.14
2023-04-14 13:56:13,15.2,14.49,14.91,17.33,17.14
2023-04-14 13:57:13,15.22,14.48,14.9,17.29,17.13
2023-04-14 13:58:13,15.19,14.49,14.86,17.27,17.14
2023-04-14 13:59:13,15.19,14.5,14.86,17.28,17.13
2023-04-14 14:00:13,15.19,14.5,14.86,17.28,17.14
2023-04-14 14:01:13,15.21,14.5,14.86,17.29,17.13
2023-04-14 14:02:13,15.2,14.5,14.87,17.29,17.11
2023-04-14 14:03:13,15.21,14.51,14.82,17.27,17.05
2023-04-14 14:04:13,15.21,14.51,14.84,17.27,17.05
2023-04-14 14:05:13,15.22,14.51,14.8,17.3,17.0
2023-04-14 14:06:13,15.21,14.49,14.79,17.29,17.03
2023-04-14 14:07:13,15.21,14.49,14.79,17.22,16.98
2023-04-14 14:08:13,15.19,14.46,14.79,17.18,16.99
2023-04-14 14:09:13,15.2,14.44,14.81,17.2,17.02
2023-04-14 14:10:13,15.19,14.44,14.8,17.24,17.05
2023-04-14 14:11:13,15.17,14.44,14.85,17.23,17.01
2023-04-14 14:12:13,15.18,14.43,14.83,17.21,17.03
2023-04-14 14:13:13,15.17,14.43,14.83,17.22,17.02
2023-04-14 14:14:13,15.17,14.43,14.86,17.22,17.02
2023-04-14 14:15:13,15.15,14.45,14.84,17.3,17.02
2023-04-14 14:16:13,15.15,14.47,14.87,17.29,17.0
2023-04-14 14:17:13,15.17,14.46,14.9,17.31,17.02
2023-04-14 14:18:13,15.19,14.48,14.91,17.28,17.09
2023-04-14 14:19:13,15.2,14.48,14.91,17.25,17.11
2023-04-14 14:20:13,15.24,14.49,14.91,17.23,17.1
2023-04-14 14:21:13,15.29,14.48,14.91,17.25,17.12
2023-04-14 14:22:13,15.3,14.5,14.93,17.22,17.13
2023-04-14 14:23:13,15.27,14.5,14.93,17.16,17.11
2023-04-14 14:24:13,15.23,14.49,14.89,17.17,17.14
2023-04-14 14:25:13,15.21,14.49,14.92,17.13,17.16
2023-04-14 14:26:13,15.2,14.5,14.93,17.14,17.19
2023-04-14 14:27:13,15.19,14.49,14.95,17.13,17.18
2023-04-14 14:28:13,15.16,14.47,14.93,17.13,17.21
2023-04-14 14:29:13,15.16,14.46,14.92,17.17,17.19
2023-04-14 14:30:13,15.16,14.47,14.83,17.14,17.18
2023-04-14 14:31:13,15.16,14.46,14.84,17.18,17.17
2023-04-14 14:32:13,15.16,14.45,14.83,17.19,17.09
2023-04-14 14:33:13,15.18,14.45,14.84,17.18,17.09
2023-04-14 14:34:13,15.19,14.47,14.84,17.19,17.07
2023-04-14 14:35:13,15.21,14.49,14.84,17.21,17.07
2023-04-14 14:36:13,15.2,14.49,14.83,17.21,17.11
2023-04-14 14:37:13,15.19,14.48,14.82,17.2,17.18
2023-04-14 14:38:13,15.2,14.45,14.81,17.21,17.16
2023-04-14 14:39:13,15.17,14.41,14.82,17.24,17.17
2023-04-14 14:40:13,15.12,14.4,14.83,17.22,17.18
2023-04-14 14:41:13,15.09,14.39,14.84,17.22,17.18
2023-04-14 14:42:13,15.07,14.38,14.88,17.2,17.17
2023-04-14 14:43:13,15.09,14.38,14.88,17.18,17.17
2023-04-14 14:44:13,15.09,14.38,14.86,17.18,17.17
2023-04-14 14:45:13,15.1,14.41,14.86,17.15,17.16
2023-04-14 14:46:13,15.1,14.39,14.82,17.14,17.11
2023-04-14 14:47:13,15.05,14.39,14.82,17.11,17.08
2023-04-14 14:48:13,15.04,14.37,14.83,17.11,17.05
2023-04-14 14:49:13,15.04,14.35,14.79,17.1,17.08
2023-04-14 14:50:13,15.04,14.35,14.81,17.1,17.1
2023-04-14 14:51:13,15.03,14.36,14.8,17.13,17.1
2023-04-14 14:52:13,15.01,14.36,14.83,17.14,17.09
2023-04-14 14:53:13,15.05,14.33,14.82,17.16,17.08
2023-04-14 14:54:13,15.04,14.33,14.82,17.15,17.07
2023-04-14 14:55:13,15.02,14.3,14.81,17.14,17.07
2023-04-14 14:56:13,15.03,14.32,14.81,17.13,17.08
2023-04-14 15:00:00,,,,,
2023-04-17 09:30:00,15.56,14.96,15.34,17.89,17.62
2023-04-17 09:31:30,15.48,14.77,15.28,17.73,17.61
2023-04-17 09:32:30,15.49,14.73,15.26,17.79,17.48
2023-04-17 09:33:30,15.38,14.69,15.17,17.76,17.44
2023-04-17 09:34:30,15.41,14.71,15.15,17.66,17.52
2023-04-17 09:35:30,15.44,14.73,15.19,17.72,17.55
2023-04-17 09:36:30,15.39,14.68,15.2,17.71,17.52
2023-04-17 09:37:30,15.41,14.68,15.18,17.69,17.51
2023-04-17 09:38:30,15.4,14.67,15.09,17.6,17.54
2023-04-17 09:39:30,15.31,14.62,15.0,17.64,17.59
2023-04-17 09:40:30,15.24,14.63,15.02,17.53,17.6
2023-04-17 09:41:30,15.21,14.61,15.04,17.52,17.59
2023-04-17 09:42:30,15.21,14.6,15.05,17.51,17.52
2023-04-17 09:43:30,15.25,14.62,15.06,17.41,17.45
2023-04-17 09:44:30,15.29,14.68,15.07,17.47,17.41
2023-04-17 09:45:30,15.25,14.64,15.07,17.41,17.39
2023-04-17 09:46:30,15.26,14.6,15.06,17.5,17.45
2023-04-17 09:47:30,15.23,14.62,15.07,17.57,17.44
2023-04-17 09:48:30,15.21,14.63,15.09,17.5,17.43
2023-04-17 09:49:30,15.24,14.69,15.11,17.5,17.42
2023-04-17 09:50:30,15.25,14.71,15.13,17.54,17.43
2023-04-17 09:51:30,15.25,14.73,15.11,17.46,17.44
2023-04-17 09:52:30,15.19,14.71,15.18,17.48,17.4
2023-04-17 09:53:30,15.23,14.71,15.18,17.45,17.44
2023-04-17 09:54:30,15.27,14.72,15.17,17.51,17.43
2023-04-17 09:55:30,15.32,14.76,15.19,17.43,17.43
2023-04-17 09:56:30,15.36,14.74,15.2,17.42,17.39
2023-04-17 09:57:30,15.34,14.73,15.15,17.46,17.41
2023-04-17 09:58:30,15.35,14.73,15.15,17.48,17.34
2023-04-17 09:59:30,15.37,14.76,15.18,17.43,17.36
2023-04-17 10:00:30,15.29,14.8,15.22,17.42,17.35
2023-04-17 10:01:30,15.33,14.81,15.19,17.44,17.28
2023-04-17 10:02:30,15.35,14.8,15.2,17.47,17.29
2023-04-17 10:03:30,15.38,14.83,15.14,17.48,17.31
2023-04-17 10:04:30,15.37,14.86,15.11,17.53,17.33
2023-04-17 10:05:30,15.33,14.87,15.1,17.52,17.38
2023-04-17 10:06:30,15.34,14.84,15.09,17.45,17.42
2023-04-17 10:07:30,15.28,14.81,15.13,17.46,17.48
2023-04-17 10:08:30,15.24,14.8,15.14,17.5,17.54
2023-04-17 10:09:30,15.21,14.8,15.14,17.52,17.58
2023-04-17 10:10:30,15.23,14.8,15.13,17.55,17.55
2023-04-17 10:11:30,15.25,14.78,15.11,17.58,17.52
2023-04-17 10:12:30,15.26,14.81,15.11,17.45,17.54
2023-04-17 10:13:30,15.27,14.79,15.13,17.44,17.58
2023-04-17 10:14:30,15.33,14.8,15.17,17.45,17.57
2023-04-17 10:15:30,15.34,14.84,15.2,17.48,17.57
2023-04-17 10:16:30,15.31,14.85,15.2,17.54,17.57
2023-04-17 10:17:30,15.29,14.85,15.17,17.56,17.57
2023-04-17 10:18:30,15.28,14.85,15.16,17.52,17.62
2023-04-17 10:19:30,15.3,14.84,15.14,17.5,17.61
2023-04-17 10:20:30,15.27,14.82,15.14,17.48,17.57
2023-04-17 10:21:30,15.27,14.78,15.14,17.47,17.56
2023-04-17 10:22:30,15.31,14.77,15.11,17.5,17.5
2023-04-17 10:23:30,15.29,14.78,15.1,17.5,17.49
2023-04-17 10:24:30,15.28,14.8,15.12,17.48,17.49
2023-04-17 10:25:30,15.27,14.81,15.2,17.53,17.45
2023-04-17 10:26:30,15.22,14.81,15.2,17.54,17.43
2023-04-17 10:27:30,15.24,14.79,15.23,17.52,17.4
2023-04-17 10:28:30,15.25,14.78,15.27,17.53,17.33
2023-04-17 10:29:30,15.25,14.79,15.26,17.54,17.34
2023-04-17 10:30:30,15.25,14.76,15.24,17.54,17.32
2023-04-17 10:31:30,15.24,14.74,15.22,17.56,17.28
2023-04-17 10:32:30,15.26,14.74,15.21,17.53,17.25
2023-04-17 10:33:30,15.29,14.77,15.19,17.51,17.24
2023-04-17 10:34:30,15.3,14.77,15.2,17.53,17.22
2023-04-17 10:35:30,15.3,14.77,15.21,17.55,17.18
2023-04-17 10:36:30,15.28,14.78,15.21,17.56,17.22
2023-04-17 10:37:30,15.3,14.79,15.2,17.52,17.2
2023-04-17 10:38:30,15.29,14.78,15.21,17.49,17.26
2023-04-17 10:39:30,15.28,14.79,15.22,17.54,17.24
2023-04-17 10:40:30,15.3,14.8,15.2,17.53,17.3
2023-04-17 10:41:30,15.28,14.79,15.24,17.59,17.25
2023-04-17 10:42:30,15.25,14.78,15.26,17.56,17.23
2023-04-17 10:43:30,15.28,14.78,15.23,17.55,17.21
2023-04-17 10:44:30,15.26,14.81,15.19,17.51,17.2
2023-04-17 10:45:30,15.25,14.77,15.17,17.47,17.21
2023-04-17 10:46:30,15.28,14.75,15.18,17.51,17.22
2023-04-17 10:47:30,15.26,14.76,15.21,17.52,17.26
2023-04-17 10:48:30,15.2,14.76,15.19,17.51,17.22
2023-04-17 10:49:30,15.21,14.76,15.2,17.53,17.15
2023-04-17 10:50:30,15.2,14.77,15.17,17.56,17.19
2023-04-17 10:51:30,15.23,14.78,15.12,17.56,17.16
2023-04-17 10:52:30,15.2,14.78,15.12,17.57,17.16
2023-04-17 10:53:30,15.21,14.79,15.13,17.55,17.16
2023-04-17 10:54:30,15.22,14.76,15.13,17.54,17.15
2023-04-17 10:55:30,15.22,14.72,15.12,17.55,17.12
2023-04-17 10:56:30,15.21,14.67,15.07,17.56,17.12
2023-04-17 10:57:30,15.19,14.69,15.06,17.57,17.11
2023-04-17 10:58:30,15.19,14.69,15.08,17.55,17.11
2023-04-17 10:59:30,15.21,14.7,15.09,17.56,17.13
2023-04-17 11:00:30,15.22,14.7,15.09,17.55,17.13
2023-04-17 11:01:30,15.22,14.7,15.11,17.55,17.11
2023-04-17 11:02:30,15.23,14.69,15.15,17.55,17.1
2023-04-17 11:03:30,15.22,14.69,15.1,17.57,17.09
2023-04-17 11:04:30,15.25,14.7,15.09,17.56,17.08
2023-04-17 11:05:30,15.28,14.71,15.1,17.56,17.11
2023-04-17 11:06:30,15.28,14.73,15.11,17.57,17.1
2023-04-17 11:07:30,15.27,14.73,15.1,17.55,17.1
2023-04-17 11:08:30,15.25,14.72,15.1,17.6,17.07
2023-04-17 11:09:30,15.24,14.73,15.1,17.6,17.06
2023-04-17 11:10:30,15.28,14.74,15.09,17.59,17.05
2023-04-17 11:11:30,15.28,14.71,15.07,17.65,17.05
2023-04-17 11:12:30,15.27,14.73,15.05,17.7,17.0
2023-04-17 11:13:30,15.25,14.73,15.04,17.62,17.0
2023-04-17 11:14:30,15.27,14.69,15.1,17.6,16.99
2023-04-17 11:15:30,15.3,14.68,15.1,17.65,16.98
2023-04-17 11:16:30,15.29,14.69,15.08,17.75,16.98
2023-04-17 11:17:30,15.29,14.73,15.11,17.69,17.0
2023-04-17 11:18:30,15.26,14.71,15.06,17.64,17.08
2023-04-17 11:19:30,15.25,14.72,15.05,17.57,17.09
2023-04-17 11:20:30,15.27,14.7,15.07,17.61,17.02
2023-04-17 11:21:30,15.29,14.7,15.01,17.67,17.05
2023-04-17 11:22:30,15.29,14.69,15.04,17.7,17.05
2023-04-17 11:23:30,15.28,14.71,15.03,17.73,17.04
2023-04-17 11:24:30,15.36,14.71,15.03,17.67,17.05
2023-04-17 11:25:30,15.38,14.74,15.03,17.65,17.08
2023-04-17 11:26:30,15.41,14.73,15.04,17.67,17.11
2023-04-17 11:27:30,15.39,14.74,15.04,17.76,17.12
2023-04-17 11:28:30,15.39,14.72,15.05,17.75,17.14
2023-04-17 11:30:00,15.4,14.74,15.04,17.76,17.14
2023-04-17 11:30:30,15.38,14.75,15.07,17.76,17.12
2023-04-17 13:00:10,15.39,14.77,15.09,17.77,17.13
2023-04-17 13:01:10,15.39,14.76,15.05,17.82,17.14
2023-04-17 13:02:10,15.37,14.77,15.09,17.82,17.15
2023-04-17 13:03:10,15.36,14.83,15.11,17.76,17.15
2023-04-17 13:04:10,15.35,14.82,15.13,17.67,17.16
2023-04-17 13:05:10,15.36,14.83,15.16,17.7,17.21
2023-04-17 13:06:10,15.33,14.84,15.11,17.67,17.24
2023-04-17 13:07:10,15.32,14.84,15.11,17.64,17.23
2023-04-17 13:08:10,15.37,14.86,15.17,17.61,17.19
2023-04-17 13:09:10,15.41,14.83,15.22,17.62,17.18
2023-04-17 13:10:10,15.46,14.87,15.21,17.59,17.21
2023-04-17 13:11:10,15.42,14.84,15.2,17.5,17.17
2023-04-17 13:12:10,15.39,14.87,15.18,17.58,17.17
2023-04-17 13:13:10,15.37,14.86,15.21,17.48,17.21
2023-04-17 13:14:10,15.39,14.83,15.15,17.53,17.21
2023-04-17 13:15:10,15.38,14.84,15.14,17.56,17.2
2023-04-17 13:16:10,15.39,14.9,15.12,17.62,17.21
2023-04-17 13:17:10,15.39,14.87,15.12,17.55,17.24
2023-04-17 13:18:10,15.22,14.83,15.16,17.59,17.25
2023-04-17 13:19:10,15.23,14.81,15.18,17.6,17.26
2023-04-17 13:20:10,15.28,14.8,15.16,17.6,17.24
2023-04-17 13:21:10,15.38,14.8,15.16,17.59,17.23
2023-04-17 13:22:10,15.37,14.82,15.14,17.57,17.24
2023-04-17 13:23:10,15.37,14.83,15.14,17.61,17.24
2023-04-17 13:24:10,15.36,14.85,15.15,17.6,17.29
2023-04-17 13:25:10,15.38,14.88,15.15,17.55,17.33
2023-04-17 13:26:10,15.39,14.88,15.17,17.6,17.3
2023-04-17 13:27:10,15.46,14.9,15.18,17.6,17.28
2023-04-17 13:28:10,15.45,14.92,15.16,17.61,17.28
2023-04-17 13:29:10,15.5,14.91,15.16,17.61,17.26
2023-04-17 13:30:10,15.4,14.93,15.21,17.59,17.22
2023-04-17 13:31:10,15.4,15.0,15.19,17.66,17.2
2023-04-17 13:32:10,15.41,15.02,15.21,17.68,17.21
2023-04-17 13:33:10,15.39,14.99,15.18,17.72,17.22
2023-04-17 13:34:10,15.39,14.97,15.16,17.77,17.17
2023-04-17 13:35:10,15.36,14.96,15.15,17.76,17.18
2023-04-17 13:36:10,15.34,14.89,15.14,17.8,17.17
2023-04-17 13:37:10,15.32,14.88,15.16,17.85,17.14
2023-04-17 13:38:10,15.33,14.88,15.18,17.77,17.05
2023-04-17 13:39:10,15.34,14.86,15.15,17.74,17.03
2023-04-17 13:40:10,15.34,14.85,15.13,17.76,17.02
2023-04-17 13:41:10,15.34,14.87,15.14,17.78,16.98
2023-04-17 13:42:10,15.33,14.88,15.16,17.79,16.96
2023-04-17 13:43:10,15.37,14.86,15.13,17.79,16.96
2023-04-17 13:44:10,15.35,14.89,15.13,17.72,16.97
2023-04-17 13:45:10,15.33,14.87,15.16,17.72,16.96
2023-04-17 13:46:10,15.32,14.89,15.15,17.76,16.93
2023-04-17 13:47:10,15.35,14.89,15.16,17.76,16.89
2023-04-17 13:48:10,15.35,14.9,15.18,17.8,16.85
2023-04-17 13:49:10,15.35,14.87,15.16,17.73,16.84
2023-04-17 13:50:10,15.46,14.87,15.21,17.72,16.87
2023-04-17 13:51:10,15.48,14.92,15.21,17.74,16.83
2023-04-17 13:52:10,15.46,14.94,15.18,17.74,16.79
2023-04-17 13:53:10,15.39,14.91,15.13,17.77,16.78
2023-04-17 13:54:10,15.42,14.89,15.12,17.74,16.84
2023-04-17 13:55:10,15.45,14.9,15.12,17.79,16.86
2023-04-17 13:56:10,15.44,14.92,15.11,17.78,16.87
2023-04-17 13:57:10,15.42,14.88,15.16,17.79,16.78
2023-04-17 13:58:10,15.43,14.9,15.19,17.81,16.8
2023-04-17 13:59:10,15.46,14.9,15.19,17.75,16.81
2023-04-17 14:00:10,15.45,14.91,15.21,17.7,16.8
2023-04-17 14:01:10,15.42,14.9,15.16,17.74,16.8
2023-04-17 14:02:10,15.41,14.92,15.15,17.78,16.84
2023-04-17 14:03:10,15.4,14.89,15.13,17.85,16.8
2023-04-17 14:04:10,15.37,14.89,15.14,17.86,16.81
2023-04-17 14:05:10,15.39,14.86,15.17,17.82,16.81
2023-04-17 14:06:10,15.42,14.9,15.14,17.81,16.81
2023-04-17 14:07:10,15.45,14.89,15.21,17.84,16.81
2023-04-17 14:08:10,15.44,14.89,15.15,17.84,16.83
2023-04-17 14:09:10,15.45,14.95,15.15,17.83,16.87
2023-04-17 14:10:10,15.42,14.93,15.13,17.83,16.88
2023-04-17 14:11:10,15.44,14.89,15.13,17.82,16.87
2023-04-17 14:12:10,15.45,14.87,15.15,17.84,16.88
2023-04-17 14:13:10,15.45,14.87,15.15,17.73,16.93
2023-04-17 14:14:10,15.42,14.89,15.18,17.73,16.93
2023-04-17 14:15:10,15.41,14.92,15.19,17.71,16.99
2023-04-17 14:16:10,15.43,14.91,15.2,17.75,17.0
2023-04-17 14:17:10,15.44,14.93,15.24,17.73,17.01
2023-04-17 14:18:10,15.46,14.94,15.23,17.78,17.06
2023-04-17 14:19:10,15.45,14.92,15.21,17.74,17.05
2023-04-17 14:20:10,15.45,14.93,15.24,17.73,17.07
2023-04-17 14:21:10,15.49,14.96,15.27,17.64,17.08
2023-04-17 14:22:10,15.56,14.99,15.24,17.64,17.07
2023-04-17 14:23:10,15.6,14.98,15.24,17.68,17.03
2023-04-17 14:24:10,15.58,14.97,15.27,17.68,17.0
2023-04-17 14:25:10,15.58,14.97,15.29,17.66,16.98
2023-04-17 14:26:10,15.55,14.96,15.26,17.69,17.0
2023-04-17 14:27:10,15.51,14.94,15.26,17.7,17.02
2023-04-17 14:28:10,15.49,14.92,15.26,17.68,17.02
2023-04-17 14:29:10,15.51,14.91,15.23,17.69,17.02
2023-04-17 14:30:10,15.52,14.99,15.23,17.71,17.01
2023-04-17 14:31:10,15.56,14.97,15.28,17.71,17.0
2023-04-17 14:32:10,15.59,14.98,15.28,17.71,17.01
2023-04-17 14:33:10,15.6,14.96,15.26,17.72,17.01
2023-04-17 14:34:10,15.62,14.95,15.25,17.74,16.96
2023-04-17 14:35:10,15.57,14.97,15.22,17.7,16.95
2023-04-17 14:36:10,15.53,14.99,15.2,17.67,16.96
2023-04-17 14:37:10,15.61,15.01,15.2,17.77,16.96
2023-04-17 14:38:10,15.58,15.01,15.17,17.73,16.96
2023-04-17 14:39:10,15.56,15.07,15.16,17.76,16.97
2023-04-17 14:40:10,15.62,15.06,15.19,17.88,16.95
2023-04-17 14:41:10,15.69,15.1,15.21,17.91,16.91
2023-04-17 14:42:10,15.7,15.13,15.24,17.89,16.91
2023-04-17 14:43:10,15.72,15.1,15.26,17.9,16.92
2023-04-17 14:44:10,15.78,15.11,15.23,17.91,16.93
2023-04-17 14:45:10,15.83,15.08,15.24,17.93,16.93
2023-04-17 14:46:10,16.01,15.13,15.25,17.94,16.95
2023-04-17 14:47:10,16.0,15.14,15.35,17.93,16.95
2023-04-17 14:48:10,15.96,15.15,15.36,17.95,16.93
2023-04-17 14:49:10,15.98,15.15,15.34,17.95,16.92
2023-04-17 14:50:10,16.03,15.15,15.31,17.97,16.94
2023-04-17 14:51:10,16.07,15.16,15.32,17.93,16.96
2023-04-17 14:52:10,16.05,15.16,15.37,17.9,17.0
2023-04-17 14:53:10,16.04,15.26,15.36,17.9,16.98
2023-04-17 14:54:10,16.08,15.28,15.37,17.98,16.98
2023-04-17 14:55:10,16.11,15.27,15.38,18.06,17.0
2023-04-17 14:56:10,16.06,15.2,15.35,18.04,17.0
2023-04-17 15:00:00,,,,,
2023-04-18 09:30:00,16.1,15.45,15.43,18.08,16.93
2023-04-18 09:31:33,16.15,15.36,15.45,18.28,17.03
2023-04-18 09:32:33,16.3,15.39,15.38,18.01,16.93
2023-04-18 09:33:33,16.25,15.33,15.43,18.06,17.06
2023-04-18 09:34:33,16.2,15.31,15.4,18.06,16.97
2023-04-18 09:35:33,16.23,15.32,15.41,18.04,16.99
2023-04-18 09:36:33,16.17,15.29,15.38,18.04,17.0
2023-04-18 09:37:33,16.18,15.25,15.37,18.05,17.06
2023-04-18 09:38:33,16.18,15.3,15.29,18.15,17.06
2023-04-18 09:39:33,16.22,15.34,15.32,18.05,17.08
2023-04-18 09:40:33,16.27,15.28,15.3,18.07,17.07
2023-04-18 09:41:33,16.37,15.34,15.28,18.15,17.03
2023-04-18 09:42:33,16.42,15.33,15.29,17.98,17.01
2023-04-18 09:43:33,16.35,15.3,15.24,17.98,17.06
2023-04-18 09:44:33,16.37,15.37,15.27,18.06,17.09
2023-04-18 09:45:33,16.34,15.29,15.25,17.93,16.98
2023-04-18 09:46:33,16.31,15.27,15.19,17.92,16.97
2023-04-18 09:47:33,16.31,15.26,15.15,17.88,16.93
2023-04-18 09:48:33,16.38,15.28,15.17,17.96,16.86
2023-04-18 09:49:33,16.31,15.3,15.17,17.98,16.85
2023-04-18 09:50:33,16.31,15.28,15.12,17.96,16.88
2023-04-18 09:51:33,16.26,15.25,15.12,17.91,16.87
2023-04-18 09:52:33,16.22,15.21,15.15,17.96,16.86
2023-04-18 09:53:33,16.25,15.21,15.2,17.97,16.87
2023-04-18 09:54:33,16.18,15.21,15.18,18.08,16.83
2023-04-18 09:55:34,16.13,15.2,15.18,18.04,16.79
2023-04-18 09:56:33,16.09,15.18,15.16,17.95,16.77
2023-04-18 09:57:33,16.05,15.16,15.15,17.91,16.79
2023-04-18 09:58:33,16.09,15.11,15.12,17.91,16.77
2023-04-18 09:59:33,16.12,15.12,15.15,17.9,16.78
2023-04-18 10:00:34,16.06,15.13,15.11,17.82,16.78
2023-04-18 10:01:33,15.97,15.14,15.14,17.79,16.8
2023-04-18 10:02:33,15.94,15.14,15.11,17.88,16.8
2023-04-18 10:03:33,15.92,15.09,15.09,17.96,16.82
2023-04-18 10:04:33,15.95,15.05,15.05,17.97,16.85
2023-04-18 10:05:34,15.95,15.07,15.05,18.13,16.85
2023-04-18 10:06:34,15.97,15.09,15.12,18.11,16.89
2023-04-18 10:07:34,16.11,15.1,15.13,18.01,16.89
2023-04-18 10:08:34,16.03,15.09,15.09,17.99,16.88
2023-04-18 10:09:34,15.95,15.12,15.1,17.96,16.86
2023-04-18 10:10:34,15.94,15.1,15.12,17.98,16.9
2023-04-18 10:11:34,15.99,15.11,15.08,17.95,16.87
2023-04-18 10:12:34,16.03,15.13,15.08,17.98,16.84
2023-04-18 10:13:34,16.08,15.12,15.09,17.95,16.87
2023-04-18 10:14:34,16.06,15.11,15.08,17.99,16.9
2023-04-18 10:15:34,16.01,15.06,15.09,17.95,16.86
2023-04-18 10:16:34,15.96,15.07,15.08,17.95,16.83
2023-04-18 10:17:34,15.92,15.02,15.08,17.96,16.81
2023-04-18 10:18:34,15.86,14.98,15.08,18.01,16.78
2023-04-18 10:19:34,15.89,14.98,15.07,17.97,16.75
2023-04-18 10:20:34,16.0,14.97,15.08,17.99,16.73
2023-04-18 10:21:34,15.93,15.0,15.01,18.01,16.65
2023-04-18 10:22:34,15.93,15.04,14.99,18.03,16.6
2023-04-18 10:23:35,15.99,14.91,15.02,17.96,16.57
2023-04-18 10:24:34,16.0,14.94,15.03,17.9,16.58
2023-04-18 10:25:34,15.96,14.99,15.05,17.87,16.51
2023-04-18 10:26:34,15.91,15.02,15.02,17.97,16.51
2023-04-18 10:27:34,15.98,15.0,15.03,18.0,16.53
2023-04-18 10:28:34,16.01,14.98,15.05,18.03,16.52
2023-04-18 10:29:34,15.99,15.03,15.03,18.04,16.55
2023-04-18 10:30:35,15.99,15.09,15.01,18.0,16.56
2023-04-18 10:31:34,15.97,15.08,15.0,17.99,16.54
2023-04-18 10:32:34,15.98,15.08,14.99,17.89,16.57
2023-04-18 10:33:34,16.02,15.03,15.0,17.87,16.59
2023-04-18 10:34:34,16.01,15.02,14.96,17.96,16.61
2023-04-18 10:35:34,15.97,15.02,14.93,17.94,16.54
2023-04-18 10:36:34,15.98,15.02,14.92,17.89,16.56
2023-04-18 10:37:34,15.99,15.04,14.9,17.94,16.53
2023-04-18 10:38:34,16.01,15.05,14.94,18.01,16.52
2023-04-18 10:39:34,16.01,15.04,14.93,17.99,16.52
2023-04-18 10:40:35,15.96,15.04,14.96,18.01,16.57
2023-04-18 10:41:34,15.93,15.04,14.98,18.06,16.61
2023-04-18 10:42:34,15.93,15.03,14.98,18.08,16.61
2023-04-18 10:43:34,15.93,15.03,14.99,18.06,16.65
2023-04-18 10:44:34,16.01,14.99,15.0,18.04,16.65
2023-04-18 10:45:34,16.03,15.01,14.98,18.03,16.64
2023-04-18 10:46:34,16.05,14.99,15.0,18.05,16.65
2023-04-18 10:47:34,16.01,15.02,14.99,18.12,16.67
2023-04-18 10:48:34,16.02,15.05,14.99,18.08,16.69
2023-04-18 10:49:34,16.01,15.04,15.0,18.09,16.7
2023-04-18 10:50:34,16.03,15.08,15.03,18.08,16.67
2023-04-18 10:51:34,15.97,15.08,15.06,18.12,16.69
2023-04-18 10:52:34,15.9,15.06,15.03,18.14,16.71
2023-04-18 10:53:35,15.9,15.05,15.05,18.04,16.72
2023-04-18 10:54:34,15.91,15.05,15.04,18.02,16.72
2023-04-18 10:55:34,15.9,15.05,15.05,17.94,16.73
2023-04-18 10:56:34,15.91,15.03,15.03,18.01,16.73
2023-04-18 10:57:34,15.88,15.02,15.07,18.11,16.67
2023-04-18 10:58:34,15.92,15.01,15.07,18.06,16.75
2023-04-18 10:59:34,15.92,15.03,15.07,18.04,16.79
2023-04-18 11:00:35,15.94,15.01,15.02,18.01,16.77
2023-04-18 11:01:34,15.9,14.99,15.01,17.98,16.76
2023-04-18 11:02:34,15.92,15.0,15.0,18.03,16.78
2023-04-18 11:03:34,15.93,14.99,15.01,18.12,16.8
2023-04-18 11:04:34,15.97,14.97,15.01,18.13,16.81
2023-04-18 11:05:34,16.01,15.02,15.02,18.1,16.83
2023-04-18 11:06:34,16.06,15.12,14.99,18.07,16.8
2023-04-18 11:07:34,16.03,15.09,15.01,18.11,16.82
2023-04-18 11:08:35,16.02,15.03,15.01,18.11,16.82
2023-04-18 11:09:34,16.05,15.01,15.03,18.06,16.82
2023-04-18 11:10:34,16.04,14.98,15.02,18.05,16.83
2023-04-18 11:11:35,16.03,14.96,15.0,17.92,16.83
2023-04-18 11:12:34,16.01,14.96,15.01,17.91,16.84
2023-04-18 11:13:34,16.01,14.96,14.97,17.98,16.84
2023-04-18 11:14:34,15.97,14.99,15.01,17.96,16.84
2023-04-18 11:15:34,15.96,15.02,15.0,18.08,16.83
2023-04-18 11:16:34,15.93,15.03,14.99,18.05,16.83
2023-04-18 11:17:36,15.95,15.04,14.98,18.1,16.83
2023-04-18 11:18:35,15.91,15.06,14.98,18.07,16.82
2023-04-18 11:19:35,15.92,15.07,14.93,18.12,16.84
2023-04-18 11:20:35,15.88,15.08,14.92,18.11,16.83
2023-04-18 11:21:35,15.92,15.1,14.93,18.07,16.81
2023-04-18 11:22:35,15.93,15.1,14.92,18.02,16.79
2023-04-18 11:23:35,15.93,15.06,14.9,17.99,16.75
2023-04-18 11:24:35,15.92,15.08,14.91,17.99,16.73
2023-04-18 11:25:35,15.88,15.07,14.92,18.0,16.7
2023-04-18 11:26:35,15.86,15.05,14.9,17.99,16.65
2023-04-18 11:27:35,15.8,15.03,14.9,17.99,16.63
2023-04-18 11:28:35,15.79,15.04,14.92,18.01,16.65
2023-04-18 11:30:00,15.81,15.02,14.92,18.02,16.67
2023-04-18 11:30:35,15.81,15.02,14.92,18.02,16.67
2023-04-18 13:00:06,15.83,15.03,14.93,18.03,16.68
2023-04-18 13:01:06,15.88,14.97,14.95,18.03,16.65
2023-04-18 13:02:06,15.89,15.01,14.91,18.08,16.65
2023-04-18 13:03:06,15.86,15.0,14.93,18.07,16.6
2023-04-18 13:04:16,15.79,14.99,14.9,18.07,16.62
2023-04-18 13:05:16,15.8,14.96,14.92,18.04,16.66
2023-04-18 13:06:18,15.81,14.94,14.92,18.02,16.65
2023-04-18 13:07:18,15.8,14.93,14.93,18.01,16.72
2023-04-18 13:08:18,15.76,14.88,14.95,18.02,16.75
2023-04-18 13:09:18,15.72,14.84,14.92,18.0,16.74
2023-04-18 13:10:18,15.7,14.86,14.95,18.03,16.74
2023-04-18 13:11:18,15.73,14.85,14.96,18.1,16.74
2023-04-18 13:12:18,15.67,14.83,14.98,18.09,16.71
2023-04-18 13:13:18,15.65,14.82,14.93,18.13,16.7
2023-04-18 13:14:18,15.57,14.8,14.91,18.07,16.71
2023-04-18 13:15:18,15.55,14.76,14.9,18.11,16.74
2023-04-18 13:16:18,15.55,14.76,14.91,18.07,16.75
2023-04-18 13:17:18,15.57,14.76,14.91,17.99,16.72
2023-04-18 13:18:18,15.56,14.78,14.9,17.95,16.73
2023-04-18 13:19:18,15.58,14.79,14.9,17.97,16.75
2023-04-18 13:20:18,15.61,14.79,14.9,17.99,16.76
2023-04-18 13:21:18,15.62,14.81,14.9,18.08,16.8
2023-04-18 13:22:18,15.61,14.84,14.87,18.0,16.78
2023-04-18 13:23:18,15.64,14.85,14.88,18.01,16.76
2023-04-18 13:24:18,15.67,14.88,14.86,17.96,16.77
2023-04-18 13:25:18,15.68,14.88,14.85,17.98,16.76
2023-04-18 13:26:18,15.71,14.89,14.86,18.02,16.73
2023-04-18 13:27:18,15.71,14.87,14.89,18.08,16.78
2023-04-18 13:28:21,15.84,14.88,14.92,18.07,16.85
2023-04-18 13:29:19,15.85,14.89,14.95,18.09,16.86
2023-04-18 13:30:19,15.82,14.9,14.94,18.08,16.88
2023-04-18 13:31:19,15.78,14.9,14.93,18.08,16.88
2023-04-18 13:32:19,15.78,14.89,15.0,18.01,16.89
2023-04-18 13:33:19,15.77,14.88,14.98,18.02,16.92
2023-04-18 13:34:19,15.78,14.86,14.95,17.96,16.92
2023-04-18 13:35:19,15.77,14.87,14.95,17.95,16.9
2023-04-18 13:36:19,15.79,14.86,15.0,17.95,16.84
2023-04-18 13:37:19,15.85,14.83,14.97,18.01,16.84
2023-04-18 13:38:19,15.83,14.86,14.98,17.93,16.89
2023-04-18 13:39:19,15.81,14.87,15.01,17.94,16.88
2023-04-18 13:40:19,15.89,14.88,15.03,18.03,16.84
2023-04-18 13:41:19,15.88,14.84,15.05,18.08,16.82
2023-04-18 13:42:20,15.88,14.79,15.05,18.07,16.81
2023-04-18 13:43:19,15.85,14.8,15.01,18.11,16.76
2023-04-18 13:44:19,15.81,14.8,15.02,18.06,16.75
2023-04-18 13:45:19,15.82,14.81,15.03,18.06,16.77
2023-04-18 13:46:19,15.85,14.83,15.03,17.99,16.76
2023-04-18 13:47:19,15.8,14.83,15.01,17.97,16.77
2023-04-18 13:48:19,15.76,14.83,15.0,17.94,16.74
2023-04-18 13:49:19,15.73,14.83,15.01,17.96,16.74
2023-04-18 13:50:19,15.78,14.84,15.0,17.93,16.72
2023-04-18 13:51:20,15.82,14.84,15.0,17.95,16.73
2023-04-18 13:52:19,15.83,14.82,14.96,17.94,16.72
2023-04-18 13:53:19,15.82,14.83,14.96,17.96,16.67
2023-04-18 13:54:19,15.78,14.78,14.93,17.89,16.68
2023-04-18 13:55:19,15.8,14.8,14.95,17.9,16.72
2023-04-18 13:56:19,15.75,14.81,14.97,17.95,16.73
2023-04-18 13:57:19,15.74,14.82,14.98,17.96,16.74
2023-04-18 13:58:19,15.73,14.86,14.96,17.89,16.74
2023-04-18 13:59:19,15.74,14.84,14.92,17.91,16.73
2023-04-18 14:00:19,15.74,14.84,14.97,17.9,16.7
2023-04-18 14:01:20,15.75,14.84,14.97,17.93,16.7
2023-04-18 14:02:19,15.79,14.85,14.98,17.89,16.71
2023-04-18 14:03:19,15.83,14.84,14.98,17.93,16.73
2023-04-18 14:04:19,15.85,14.83,15.0,17.95,16.72
2023-04-18 14:05:19,15.89,14.81,15.02,17.96,16.75
2023-04-18 14:06:19,15.88,14.8,15.02,18.0,16.72
2023-04-18 14:07:19,15.88,14.81,15.0,18.03,16.71
2023-04-18 14:08:19,15.9,14.82,15.01,18.03,16.73
2023-04-18 14:09:19,15.91,14.81,14.97,18.03,16.7
2023-04-18 14:10:19,15.93,14.79,14.92,18.0,16.67
2023-04-18 14:11:19,15.9,14.78,14.95,18.0,16.71
2023-04-18 14:12:19,15.91,14.81,15.04,17.97,16.67
2023-04-18 14:13:20,15.9,14.81,15.01,17.95,16.65
2023-04-18 14:14:20,15.89,14.82,14.98,17.99,16.61
2023-04-18 14:15:20,15.86,14.82,14.95,17.98,16.59
2023-04-18 14:16:20,15.89,14.78,14.95,17.93,16.55
2023-04-18 14:17:20,15.87,14.74,14.98,17.95,16.5
2023-04-18 14:18:20,15.87,14.73,14.97,17.91,16.49
2023-04-18 14:19:20,15.88,14.76,14.95,17.97,16.57
2023-04-18 14:20:20,15.82,14.73,14.93,17.99,16.54
2023-04-18 14:21:20,15.79,14.72,14.94,17.97,16.54
2023-04-18 14:22:20,15.79,14.74,14.9,17.96,16.52
2023-04-18 14:23:20,15.77,14.72,14.9,17.85,16.52
2023-04-18 14:24:20,15.77,14.72,14.93,17.9,16.53
2023-04-18 14:25:20,15.76,14.68,14.94,17.91,16.55
2023-04-18 14:26:20,15.73,14.73,14.93,17.94,16.55
2023-04-18 14:27:20,15.73,14.73,14.9,17.94,16.55
2023-04-18 14:28:20,15.72,14.71,14.91,17.95,16.54
2023-04-18 14:29:20,15.74,14.68,14.9,17.94,16.54
2023-04-18 14:30:20,15.8,14.68,14.87,17.9,16.51
2023-04-18 14:31:21,15.79,14.65,14.88,17.92,16.51
2023-04-18 14:32:20,15.78,14.65,14.88,17.89,16.53
2023-04-18 14:33:20,15.75,14.67,14.87,17.89,16.55
2023-04-18 14:34:20,15.74,14.65,14.89,17.86,16.53
2023-04-18 14:35:20,15.74,14.65,14.9,17.83,16.56
2023-04-18 14:36:20,15.77,14.66,14.88,17.89,16.56
2023-04-18 14:37:20,15.8,14.62,14.83,17.84,16.57
2023-04-18 14:38:20,15.75,14.62,14.83,17.87,16.58
2023-04-18 14:39:20,15.74,14.62,14.81,17.89,16.54
2023-04-18 14:40:21,15.68,14.62,14.77,17.87,16.51
2023-04-18 14:41:20,15.63,14.61,14.74,17.9,16.52
2023-04-18 14:42:20,15.6,14.55,14.72,17.83,16.47
2023-04-18 14:43:20,15.63,14.54,14.76,17.82,16.51
2023-04-18 14:44:20,15.6,14.53,14.73,17.83,16.5
2023-04-18 14:45:20,15.58,14.54,14.75,17.82,16.52
2023-04-18 14:46:20,15.63,14.53,14.71,17.83,16.53
2023-04-18 14:47:20,15.63,14.48,14.68,17.79,16.5
2023-04-18 14:48:21,15.63,14.53,14.67,17.79,16.5
2023-04-18 14:49:22,15.61,14.52,14.76,17.82,16.51
2023-04-18 14:50:22,15.59,14.54,14.74,17.78,16.48
2023-04-18 14:51:22,15.56,14.57,14.75,17.8,16.47
2023-04-18 14:52:22,15.53,14.54,14.74,17.77,16.46
2023-04-18 14:53:22,15.53,14.53,14.76,17.81,16.45
2023-04-18 14:54:22,15.52,14.56,14.77,17.78,16.46
2023-04-18 14:55:22,15.55,14.56,14.75,17.79,16.46
2023-04-18 14:56:22,15.53,14.55,14.77,17.87,16.47
2023-04-18 15:00:00,,,,,
2023-04-19 09:30:00,15.58,14.62,14.86,18.25,15.3
2023-04-19 09:32:11,15.67,14.69,14.96,18.0,15.32
2023-04-19 09:33:12,15.72,14.66,14.96,17.91,15.29
2023-04-19 09:34:11,15.74,14.64,14.99,17.84,15.34
2023-04-19 09:35:11,15.76,14.6,14.93,17.7,15.33
2023-04-19 09:36:15,15.67,14.57,14.86,17.79,15.31
2023-04-19 09:37:11,15.66,14.53,14.83,17.68,15.3
2023-04-19 09:38:12,15.65,14.58,14.82,17.75,15.26
2023-04-19 09:39:11,15.52,14.58,14.79,17.73,15.3
2023-04-19 09:40:13,15.57,14.53,14.79,17.59,15.34
2023-04-19 09:41:11,15.46,14.51,14.8,17.61,15.33
2023-04-19 09:42:11,15.49,14.52,14.81,17.58,15.34
2023-04-19 09:43:11,15.58,14.59,14.85,17.63,15.33
2023-04-19 09:44:12,15.6,14.58,14.83,17.55,15.32
2023-04-19 09:45:11,15.53,14.55,14.78,17.5,15.32
2023-04-19 09:46:11,15.44,14.54,14.77,17.43,15.26
2023-04-19 09:47:11,15.37,14.53,14.73,17.42,15.27
2023-04-19 09:48:11,15.44,14.52,14.7,17.37,15.22
2023-04-19 09:49:11,15.46,14.51,14.69,17.38,15.26
2023-04-19 09:50:13,15.39,14.47,14.7,17.33,15.27
2023-04-19 09:51:11,15.3,14.38,14.63,17.34,15.21
2023-04-19 09:52:11,15.29,14.4,14.62,17.38,15.24
2023-04-19 09:53:11,15.34,14.4,14.61,17.35,15.29
2023-04-19 09:54:11,15.31,14.43,14.63,17.34,15.33
2023-04-19 09:55:11,15.31,14.41,14.64,17.37,15.36
2023-04-19 09:56:11,15.36,14.41,14.63,17.4,15.36
2023-04-19 09:57:11,15.28,14.43,14.64,17.44,15.35
2023-04-19 09:58:11,15.21,14.37,14.65,17.46,15.38
2023-04-19 09:59:12,15.17,14.35,14.66,17.36,15.32
2023-04-19 10:00:11,15.18,14.34,14.65,17.41,15.33
2023-04-19 10:01:11,15.16,14.37,14.63,17.54,15.29
2023-04-19 10:02:11,15.23,14.38,14.56,17.52,15.27
2023-04-19 10:03:11,15.22,14.36,14.55,17.48,15.22
2023-04-19 10:04:11,15.22,14.34,14.51,17.45,15.17
2023-04-19 10:05:11,15.24,14.32,14.52,17.46,15.15
2023-04-19 10:06:11,15.22,14.34,14.49,17.4,15.11
2023-04-19 10:07:14,15.21,14.32,14.54,17.37,15.08
2023-04-19 10:08:14,15.17,14.29,14.52,17.41,15.04
2023-04-19 10:09:16,15.09,14.31,14.54,17.46,15.01
2023-04-19 10:10:15,15.12,14.31,14.51,17.46,15.07
2023-04-19 10:11:19,15.18,14.29,14.51,17.41,15.07
2023-04-19 10:12:21,15.18,14.29,14.53,17.37,15.03
2023-04-19 10:13:21,15.14,14.24,14.54,17.32,15.08
2023-04-19 10:14:21,15.26,14.26,14.57,17.34,15.11
2023-04-19 10:15:21,15.25,14.34,14.56,17.34,15.1
2023-04-19 10:16:21,15.29,14.34,14.5,17.35,15.08
2023-04-19 10:17:21,15.29,14.33,14.54,17.34,15.11
2023-04-19 10:18:21,15.31,14.37,14.55,17.3,15.11
2023-04-19 10:19:22,15.3,14.37,14.57,17.3,15.11
2023-04-19 10:20:21,15.18,14.36,14.58,17.25,15.03
2023-04-19 10:21:21,15.11,14.32,14.57,17.22,15.06
2023-04-19 10:22:21,15.12,14.34,14.6,17.17,15.08
2023-04-19 10:23:22,15.15,14.4,14.61,17.09,15.17
2023-04-19 10:24:21,15.21,14.37,14.62,17.1,15.18
2023-04-19 10:25:21,15.18,14.37,14.59,17.12,15.14
2023-04-19 10:26:21,15.19,14.37,14.58,17.09,15.11
2023-04-19 10:27:22,15.19,14.36,14.57,17.13,15.12
2023-04-19 10:28:21,15.16,14.37,14.57,17.21,15.11
2023-04-19 10:29:21,15.18,14.33,14.58,17.2,15.17
2023-04-19 10:30:22,15.24,14.34,14.57,17.15,15.12
2023-04-19 10:31:21,15.26,14.36,14.61,17.12,15.13
2023-04-19 10:32:21,15.37,14.35,14.58,17.16,15.15
2023-04-19 10:33:21,15.31,14.35,14.57,17.16,15.16
2023-04-19 10:34:21,15.2,14.37,14.54,17.11,15.15
2023-04-19 10:35:21,15.18,14.36,14.53,17.1,15.17
2023-04-19 10:36:21,15.18,14.32,14.52,17.07,15.19
2023-04-19 10:37:21,15.15,14.32,14.53,17.05,15.2
2023-04-19 10:38:21,15.19,14.35,14.56,17.01,15.2
2023-04-19 10:39:21,15.25,14.35,14.55,17.04,15.19
2023-04-19 10:40:24,15.28,14.35,14.56,17.08,15.19
2023-04-19 10:41:21,15.31,14.35,14.56,17.18,15.17
2023-04-19 10:42:21,15.31,14.35,14.55,17.18,15.11
2023-04-19 10:43:21,15.3,14.34,14.47,17.16,15.14
2023-04-19 10:44:21,15.26,14.37,14.49,17.14,15.16
2023-04-19 10:45:21,15.23,14.33,14.48,17.09,15.11
2023-04-19 10:46:21,15.23,14.31,14.46,17.11,15.03
2023-04-19 10:47:21,15.23,14.31,14.52,17.09,15.04
2023-04-19 10:48:22,15.19,14.27,14.53,17.11,15.06
2023-04-19 10:49:21,15.18,14.26,14.49,17.1,15.01
2023-04-19 10:50:21,15.2,14.28,14.48,17.12,14.94
2023-04-19 10:51:21,15.2,14.27,14.49,17.14,14.89
2023-04-19 10:52:21,15.23,14.26,14.48,17.14,14.89
2023-04-19 10:53:21,15.25,14.28,14.48,17.06,14.9
2023-04-19 10:54:21,15.3,14.27,14.46,17.0,14.87
2023-04-19 10:55:23,15.29,14.3,14.44,17.02,14.83
2023-04-19 10:56:21,15.3,14.29,14.43,17.02,14.83
2023-04-19 10:57:21,15.3,14.26,14.42,17.04,14.82
2023-04-19 10:58:21,15.29,14.3,14.39,17.03,14.83
2023-04-19 10:59:21,15.27,14.34,14.4,17.01,14.87
2023-04-19 11:00:21,15.26,14.3,14.39,16.98,14.91
2023-04-19 11:01:21,15.26,14.29,14.4,16.98,14.97
2023-04-19 11:02:21,15.23,14.31,14.41,16.96,14.94
2023-04-19 11:03:22,15.22,14.32,14.42,16.99,14.92
2023-04-19 11:04:21,15.17,14.27,14.39,17.07,14.92
2023-04-19 11:05:21,15.17,14.31,14.38,17.08,14.96
2023-04-19 11:06:21,15.17,14.28,14.41,17.05,15.06
2023-04-19 11:07:21,15.18,14.3,14.41,17.02,15.09
2023-04-19 11:08:21,15.19,14.29,14.4,17.04,15.09
2023-04-19 11:09:21,15.21,14.26,14.45,17.06,15.11
2023-04-19 11:10:21,15.23,14.24,14.43,17.06,15.11
2023-04-19 11:11:21,15.26,14.24,14.42,17.05,15.16
2023-04-19 11:12:21,15.22,14.25,14.42,17.07,15.17
2023-04-19 11:13:21,15.21,14.24,14.43,17.08,15.15
2023-04-19 11:14:21,15.21,14.24,14.43,17.05,15.15
2023-04-19 11:15:21,15.19,14.23,14.44,16.97,15.15
2023-04-19 11:16:21,15.21,14.22,14.44,16.89,15.15
2023-04-19 11:17:21,15.22,14.24,14.45,16.93,15.15
2023-04-19 11:18:22,15.21,14.24,14.43,16.94,15.15
2023-04-19 11:19:21,15.22,14.23,14.43,16.91,15.16
2023-04-19 11:20:21,15.21,14.21,14.46,16.9,15.21
2023-04-19 11:21:21,15.21,14.2,14.44,16.85,15.18
2023-04-19 11:22:22,15.23,14.23,14.47,16.9,15.19
2023-04-19 11:23:21,15.24,14.27,14.44,16.85,15.17
2023-04-19 11:24:21,15.24,14.28,14.43,16.85,15.16
2023-04-19 11:25:22,15.23,14.3,14.41,16.84,15.14
2023-04-19 11:26:21,15.19,14.3,14.41,16.83,15.17
2023-04-19 11:27:21,15.22,14.27,14.43,16.85,15.16
2023-04-19 11:28:21,15.23,14.24,14.44,16.89,15.13
2023-04-19 11:29:21,15.23,14.24,14.41,16.84,15.13
2023-04-19 11:30:00,15.23,14.22,14.48,16.85,15.15
2023-04-19 13:00:17,15.25,14.23,14.49,16.87,15.18
2023-04-19 13:01:17,15.28,14.25,14.41,17.01,15.16
2023-04-19 13:02:18,15.26,14.28,14.42,16.95,15.16
2023-04-19 13:03:17,15.24,14.32,14.41,16.89,15.12
2023-04-19 13:04:17,15.23,14.3,14.4,16.97,15.12
2023-04-19 13:05:18,15.21,14.34,14.44,16.94,15.13
2023-04-19 13:06:18,15.21,14.36,14.47,16.93,15.15
2023-04-19 13:07:19,15.24,14.31,14.42,17.01,15.19
2023-04-19 13:08:19,15.27,14.37,14.46,17.03,15.21
2023-04-19 13:09:17,15.32,14.41,14.51,16.97,15.24
2023-04-19 13:10:17,15.37,14.38,14.49,16.98,15.27
2023-04-19 13:11:17,15.34,14.36,14.52,16.94,15.32
2023-04-19 13:12:17,15.32,14.33,14.52,16.92,15.3
2023-04-19 13:13:17,15.33,14.32,14.5,16.95,15.28
2023-04-19 13:14:18,15.31,14.33,14.49,16.97,15.35
2023-04-19 13:15:17,15.3,14.33,14.5,16.96,15.37
2023-04-19 13:16:17,15.3,14.32,14.49,16.96,15.4
2023-04-19 13:17:18,15.29,14.34,14.5,16.97,15.37
2023-04-19 13:18:17,15.31,14.31,14.5,17.01,15.39
2023-04-19 13:19:18,15.33,14.36,14.5,16.97,15.41
2023-04-19 13:20:18,15.33,14.37,14.52,16.96,15.41
2023-04-19 13:21:17,15.36,14.37,14.49,16.98,15.43
2023-04-19 13:22:17,15.34,14.36,14.48,16.98,15.41
2023-04-19 13:23:17,15.35,14.34,14.51,16.96,15.39
2023-04-19 13:24:17,15.34,14.35,14.5,16.97,15.35
2023-04-19 13:25:17,15.31,14.32,14.5,16.98,15.27
2023-04-19 13:26:18,15.29,14.34,14.54,16.99,15.31
2023-04-19 13:27:17,15.31,14.35,14.51,17.0,15.34
2023-04-19 13:28:17,15.3,14.34,14.5,16.95,15.29
2023-04-19 13:29:17,15.3,14.35,14.53,16.95,15.27
2023-04-19 13:30:17,15.29,14.37,14.54,16.99,15.26
2023-04-19 13:31:18,15.29,14.42,14.57,16.95,15.31
2023-04-19 13:32:17,15.28,14.41,14.53,17.02,15.29
2023-04-19 13:33:17,15.27,14.42,14.54,17.03,15.29
2023-04-19 13:34:17,15.31,14.43,14.51,16.97,15.26
2023-04-19 13:35:18,15.28,14.38,14.56,16.94,15.22
2023-04-19 13:36:17,15.29,14.38,14.61,16.98,15.31
2023-04-19 13:37:17,15.26,14.38,14.55,17.03,15.3
2023-04-19 13:38:19,15.23,14.41,14.5,17.02,15.26
2023-04-19 13:39:17,15.23,14.4,14.49,16.92,15.32
2023-04-19 13:40:21,15.26,14.39,14.51,17.06,15.32
2023-04-19 13:41:18,15.29,14.37,14.49,17.04,15.29
2023-04-19 13:42:18,15.3,14.38,14.49,16.97,15.31
2023-04-19 13:43:18,15.3,14.38,14.51,16.96,15.32
2023-04-19 13:44:18,15.3,14.35,14.54,16.99,15.32
2023-04-19 13:45:18,15.26,14.34,14.52,16.98,15.25
2023-04-19 13:46:18,15.24,14.34,14.48,16.99,15.15
2023-04-19 13:47:18,15.26,14.35,14.45,16.96,15.17
2023-04-19 13:48:18,15.25,14.33,14.48,17.02,15.23
2023-04-19 13:49:19,15.27,14.32,14.51,17.06,15.23
2023-04-19 13:50:18,15.23,14.36,14.47,17.04,15.23
2023-04-19 13:51:18,15.24,14.36,14.5,17.01,15.2
2023-04-19 13:52:18,15.23,14.36,14.49,17.02,15.15
2023-04-19 13:53:18,15.22,14.36,14.5,17.04,15.18
2023-04-19 13:54:18,15.21,14.36,14.48,17.04,15.18
2023-04-19 13:55:18,15.24,14.35,14.47,17.06,15.15
2023-04-19 13:56:18,15.23,14.31,14.46,17.1,15.17
2023-04-19 13:57:18,15.22,14.28,14.47,17.02,15.19
2023-04-19 13:58:18,15.22,14.29,14.49,17.0,15.15
2023-04-19 13:59:18,15.22,14.28,14.51,17.06,15.15
2023-04-19 14:00:18,15.21,14.3,14.44,17.07,15.23
2023-04-19 14:01:18,15.23,14.32,14.47,16.98,15.15
2023-04-19 14:02:18,15.23,14.32,14.45,17.05,15.13
2023-04-19 14:03:18,15.22,14.3,14.43,17.05,15.13
2023-04-19 14:04:18,15.22,14.25,14.42,17.05,15.03
2023-04-19 14:05:18,15.24,14.27,14.4,17.07,15.05
2023-04-19 14:06:18,15.22,14.35,14.38,17.02,15.05
2023-04-19 14:07:18,15.24,14.4,14.38,17.02,14.99
2023-04-19 14:08:18,15.21,14.39,14.42,17.04,14.94
2023-04-19 14:09:18,15.2,14.41,14.45,17.08,14.85
2023-04-19 14:10:18,15.24,14.37,14.42,17.07,14.89
2023-04-19 14:11:20,15.22,14.31,14.42,17.13,14.93
2023-04-19 14:12:20,15.2,14.3,14.52,17.17,14.99
2023-04-19 14:13:20,15.2,14.37,14.48,17.15,15.02
2023-04-19 14:14:21,15.26,14.39,14.47,17.14,14.95
2023-04-19 14:15:20,15.27,14.38,14.49,17.14,15.03
2023-04-19 14:16:20,15.29,14.34,14.5,17.11,15.1
2023-04-19 14:17:20,15.29,14.37,14.42,17.13,15.08
2023-04-19 14:18:20,15.25,14.36,14.42,17.07,15.03
2023-04-19 14:19:20,15.25,14.41,14.33,17.17,15.14
2023-04-19 14:20:20,15.26,14.44,14.34,17.13,15.2
2023-04-19 14:21:20,15.26,14.41,14.41,17.05,15.16
2023-04-19 14:22:21,15.22,14.43,14.39,17.07,15.16
2023-04-19 14:23:20,15.21,14.4,14.41,17.0,15.13
2023-04-19 14:24:20,15.24,14.38,14.42,17.04,15.11
2023-04-19 14:25:21,15.24,14.37,14.45,17.1,15.16
2023-04-19 14:26:20,15.23,14.38,14.45,17.13,15.15
2023-04-19 14:27:20,15.22,14.37,14.41,17.13,15.07
2023-04-19 14:28:20,15.24,14.35,14.43,17.09,15.07
2023-04-19 14:29:20,15.23,14.4,14.47,17.09,15.09
2023-04-19 14:30:20,15.26,14.4,14.44,17.04,15.14
2023-04-19 14:31:20,15.27,14.4,14.45,17.03,15.18
2023-04-19 14:32:20,15.31,14.4,14.43,17.04,15.17
2023-04-19 14:33:20,15.31,14.4,14.45,17.12,15.14
2023-04-19 14:34:21,15.3,14.41,14.43,17.06,15.08
2023-04-19 14:35:20,15.31,14.39,14.41,17.01,15.05
2023-04-19 14:36:20,15.3,14.38,14.43,16.97,15.02
2023-04-19 14:37:27,15.24,14.37,14.42,16.99,15.0
2023-04-19 14:38:28,15.17,14.37,14.47,17.01,15.06
2023-04-19 14:39:27,15.09,14.41,14.47,17.0,15.14
2023-04-19 14:40:28,15.16,14.42,14.42,17.02,15.14
2023-04-19 14:41:27,15.18,14.4,14.45,16.99,15.15
2023-04-19 14:42:29,15.15,14.39,14.48,16.96,15.1
2023-04-19 14:43:28,15.12,14.39,14.45,16.99,15.09
2023-04-19 14:44:28,15.14,14.4,14.42,16.98,15.08
2023-04-19 14:45:28,15.21,14.44,14.42,16.93,15.04
2023-04-19 14:46:29,15.23,14.43,14.42,16.92,15.08
2023-04-19 14:47:28,15.21,14.41,14.44,16.95,15.08
2023-04-19 14:48:28,15.2,14.41,14.52,16.97,15.1
2023-04-19 14:49:28,15.16,14.37,14.59,17.0,15.08
2023-04-19 14:50:28,15.23,14.38,14.6,16.97,15.1
2023-04-19 14:51:28,15.25,14.41,14.54,16.95,15.04
2023-04-19 14:52:28,15.21,14.4,14.5,17.0,15.07
2023-04-19 14:53:28,15.19,14.4,14.51,17.01,15.1
2023-04-19 14:54:28,15.21,14.42,14.53,16.95,15.1
2023-04-19 14:55:29,15.2,14.4,14.55,16.97,15.11
2023-04-19 14:56:28,15.19,14.4,14.52,17.01,15.11
2023-04-19 14:56:00,,,,,
2023-04-19 15:00:00,,,,,
2023-04-20 09:30:00,15.27,14.47,14.54,17.02,16.31
2023-04-20 09:31:51,15.16,14.38,14.56,17.2,16.32
2023-04-20 09:32:51,15.19,14.41,14.45,17.25,16.18
2023-04-20 09:33:51,15.17,14.4,14.41,17.23,16.26
2023-04-20 09:34:51,15.11,14.34,14.46,17.02,16.2
2023-04-20 09:35:51,15.09,14.28,14.48,17.04,16.18
2023-04-20 09:36:51,15.04,14.32,14.47,17.01,16.12
2023-04-20 09:37:51,15.03,14.34,14.5,17.01,16.22
2023-04-20 09:38:51,15.03,14.31,14.52,17.03,16.18
2023-04-20 09:39:51,15.03,14.29,14.51,17.07,16.2
2023-04-20 09:40:51,14.97,14.33,14.51,17.1,16.17
2023-04-20 09:41:51,15.02,14.32,14.51,17.21,16.12
2023-04-20 09:42:51,15.01,14.32,14.5,17.11,16.15
2023-04-20 09:43:51,15.04,14.3,14.45,17.21,16.1
2023-04-20 09:44:51,14.99,14.29,14.39,17.35,16.08
2023-04-20 09:45:51,14.94,14.24,14.36,17.42,16.0
2023-04-20 09:46:51,14.95,14.29,14.33,17.35,15.88
2023-04-20 09:47:51,14.99,14.28,14.32,17.46,15.85
2023-04-20 09:48:51,15.04,14.29,14.3,17.35,15.78
2023-04-20 09:49:51,15.12,14.28,14.35,17.28,15.74
2023-04-20 09:50:51,15.08,14.27,14.36,17.2,15.69
2023-04-20 09:51:51,14.99,14.26,14.32,17.25,15.61
2023-04-20 09:52:51,15.01,14.28,14.33,17.27,15.51
2023-04-20 09:53:51,14.9,14.28,14.34,17.29,15.48
2023-04-20 09:54:51,14.92,14.27,14.28,17.17,15.45
2023-04-20 09:55:51,14.98,14.26,14.31,17.21,15.51
2023-04-20 09:56:51,14.96,14.25,14.27,17.21,15.47
2023-04-20 09:57:51,14.97,14.28,14.26,17.17,15.57
2023-04-20 09:58:51,14.96,14.32,14.22,17.25,15.6
2023-04-20 09:59:51,14.95,14.27,14.21,17.27,15.58
2023-04-20 10:00:51,14.94,14.25,14.19,17.23,15.49
2023-04-20 10:01:51,14.87,14.23,14.19,17.55,15.46
2023-04-20 10:02:51,14.91,14.27,14.21,17.51,15.48
2023-04-20 10:03:51,14.89,14.27,14.15,17.38,15.57
2023-04-20 10:04:51,14.94,14.24,14.19,17.36,15.54
2023-04-20 10:05:51,14.88,14.25,14.12,17.25,15.53
2023-04-20 10:06:51,14.92,14.22,14.04,17.27,15.56
2023-04-20 10:07:51,14.91,14.18,14.05,17.27,15.6
2023-04-20 10:08:51,14.95,14.16,14.06,17.15,15.67
2023-04-20 10:09:51,14.96,14.22,14.06,17.17,15.68
2023-04-20 10:10:51,14.92,14.19,13.98,17.16,15.61
2023-04-20 10:11:51,14.93,14.2,14.02,17.15,15.61
2023-04-20 10:12:51,14.9,14.17,14.11,17.26,15.53
2023-04-20 10:13:51,14.9,14.18,14.1,17.27,15.62
2023-04-20 10:14:51,14.88,14.17,14.08,17.15,15.62
2023-04-20 10:15:51,14.89,14.15,14.12,17.05,15.65
2023-04-20 10:16:51,14.91,14.17,14.05,17.05,15.66
2023-04-20 10:17:51,14.94,14.2,14.04,17.12,15.63
2023-04-20 10:18:51,14.96,14.19,14.05,16.98,15.63
2023-04-20 10:19:51,14.93,14.17,14.06,16.97,15.71
2023-04-20 10:20:51,14.94,14.18,14.04,17.07,15.75
2023-04-20 10:21:51,14.97,14.22,13.95,17.23,15.65
2023-04-20 10:22:51,14.95,14.2,13.96,17.18,15.6
2023-04-20 10:23:51,14.93,14.19,14.0,17.18,15.57
2023-04-20 10:24:51,14.9,14.14,14.05,17.07,15.58
2023-04-20 10:25:51,14.89,14.17,14.12,17.27,15.62
2023-04-20 10:26:51,14.95,14.23,14.13,17.29,15.65
2023-04-20 10:27:51,15.0,14.24,14.09,17.31,15.67
2023-04-20 10:28:51,14.98,14.23,14.09,17.32,15.59
2023-04-20 10:29:51,14.95,14.21,14.12,17.17,15.53
2023-04-20 10:30:51,14.99,14.27,14.12,17.22,15.54
2023-04-20 10:31:51,15.01,14.27,14.21,17.21,15.58
2023-04-20 10:32:51,15.01,14.26,14.25,17.2,15.6
2023-04-20 10:33:51,15.01,14.23,14.22,17.11,15.63
2023-04-20 10:34:51,14.96,14.19,14.06,17.23,15.59
2023-04-20 10:35:51,14.98,14.18,14.09,17.15,15.57
2023-04-20 10:36:51,15.0,14.18,14.09,17.17,15.56
2023-04-20 10:37:51,15.0,14.21,14.17,17.22,15.56
2023-04-20 10:38:51,14.99,14.21,14.14,17.11,15.55
2023-04-20 10:39:51,14.99,14.22,14.09,17.07,15.51
2023-04-20 10:40:51,14.97,14.21,14.08,17.13,15.55
2023-04-20 10:41:51,14.92,14.19,14.05,17.12,15.58
2023-04-20 10:42:51,14.92,14.16,14.05,17.1,15.51
2023-04-20 10:43:51,14.93,14.2,14.06,17.01,15.55
2023-04-20 10:44:51,14.95,14.2,14.05,17.09,15.54
2023-04-20 10:45:51,14.95,14.23,14.04,17.05,15.58
2023-04-20 10:46:51,14.95,14.21,14.03,17.07,15.46
2023-04-20 10:47:51,14.94,14.21,14.01,17.12,15.45
2023-04-20 10:48:51,14.97,14.15,14.02,17.16,15.51
2023-04-20 10:49:51,14.95,14.16,14.0,17.14,15.55
2023-04-20 10:50:51,14.94,14.16,14.02,17.15,15.57
2023-04-20 10:51:51,14.97,14.16,14.03,17.12,15.58
2023-04-20 10:52:51,15.0,14.16,13.99,17.09,15.55
2023-04-20 10:53:51,15.01,14.15,14.04,17.15,15.52
2023-04-20 10:54:51,14.97,14.16,14.02,17.13,15.53
2023-04-20 10:55:51,14.93,14.2,14.03,17.02,15.64
2023-04-20 10:56:51,14.98,14.18,14.04,17.07,15.6
2023-04-20 10:57:51,14.99,14.19,14.06,17.09,15.6
2023-04-20 10:58:51,14.98,14.21,14.04,17.04,15.57
2023-04-20 10:59:51,14.97,14.26,14.04,17.05,15.6
2023-04-20 11:00:51,14.92,14.24,14.13,17.14,15.59
2023-04-20 11:01:51,14.97,14.29,14.08,17.1,15.57
2023-04-20 11:02:51,14.98,14.25,14.06,17.17,15.54
2023-04-20 11:03:51,14.99,14.22,14.05,17.12,15.51
2023-04-20 11:04:51,15.0,14.22,14.04,17.12,15.51
2023-04-20 11:05:51,15.04,14.26,14.11,17.11,15.54
2023-04-20 11:06:51,15.07,14.27,14.18,17.1,15.52
2023-04-20 11:07:51,15.07,14.28,14.18,17.0,15.59
2023-04-20 11:08:51,15.11,14.31,14.17,17.14,15.59
2023-04-20 11:09:51,15.15,14.33,14.09,17.19,15.55
2023-04-20 11:10:51,15.13,14.35,14.03,17.14,15.57
2023-04-20 11:11:51,15.05,14.36,14.14,17.16,15.58
2023-04-20 11:12:51,15.01,14.38,14.19,17.2,15.59
2023-04-20 11:13:51,14.99,14.38,14.19,17.19,15.66
2023-04-20 11:14:51,15.09,14.39,14.2,17.13,15.68
2023-04-20 11:15:51,15.29,14.39,14.26,17.17,15.7
2023-04-20 11:16:51,15.21,14.41,14.21,17.19,15.71
2023-04-20 11:17:51,15.17,14.39,14.27,17.18,15.71
2023-04-20 11:18:51,15.15,14.39,14.33,17.14,15.73
2023-04-20 11:19:51,15.13,14.37,14.27,17.14,15.71
2023-04-20 11:20:51,15.17,14.37,14.32,17.17,15.71
2023-04-20 11:21:51,15.18,14.35,14.36,17.17,15.7
2023-04-20 11:22:51,15.13,14.34,14.36,17.15,15.69
2023-04-20 11:23:51,15.11,14.34,14.29,17.13,15.71
2023-04-20 11:24:51,15.07,14.32,14.23,17.1,15.73
2023-04-20 11:25:51,15.06,14.35,14.19,17.14,15.75
2023-04-20 11:26:51,15.08,14.37,14.26,17.09,15.74
2023-04-20 11:27:51,15.1,14.36,14.27,17.12,15.73
2023-04-20 11:28:51,15.09,14.36,14.27,17.08,15.72
2023-04-20 11:30:00,15.12,14.36,14.3,17.23,15.69
2023-04-20 11:30:51,15.12,14.36,14.3,17.24,15.7
2023-04-20 13:00:13,15.13,14.37,14.31,17.25,15.7
2023-04-20 13:01:13,15.19,14.4,14.27,17.19,15.72
2023-04-20 13:02:13,15.23,14.39,14.29,17.2,15.7
2023-04-20 13:03:13,15.24,14.43,14.31,17.23,15.75
2023-04-20 13:04:13,15.25,14.45,14.31,17.27,15.75
2023-04-20 13:05:13,15.27,14.45,14.37,17.21,15.77
2023-04-20 13:06:13,15.26,14.43,14.37,17.18,15.79
2023-04-20 13:07:13,15.26,14.43,14.4,17.23,15.78
2023-04-20 13:08:13,15.27,14.4,14.33,17.2,15.78
2023-04-20 13:09:13,15.24,14.38,14.35,17.1,15.79
2023-04-20 13:10:13,15.22,14.4,14.38,17.13,15.78
2023-04-20 13:11:13,15.26,14.42,14.38,17.15,15.79
2023-04-20 13:12:13,15.25,14.43,14.34,17.15,15.79
2023-04-20 13:13:13,15.24,14.43,14.33,17.17,15.81
2023-04-20 13:14:13,15.26,14.46,14.34,17.21,15.83
2023-04-20 13:15:13,15.24,14.43,14.3,17.19,15.87
2023-04-20 13:16:13,15.2,14.42,14.29,17.22,15.84
2023-04-20 13:17:13,15.22,14.42,14.33,17.22,15.87
2023-04-20 13:18:13,15.23,14.42,14.32,17.22,15.82
2023-04-20 13:19:13,15.23,14.44,14.29,17.2,15.81
2023-04-20 13:20:13,15.22,14.5,14.31,17.27,15.8
2023-04-20 13:21:13,15.26,14.43,14.36,17.3,15.86
2023-04-20 13:22:13,15.29,14.41,14.36,17.18,15.84
2023-04-20 13:23:13,15.27,14.4,14.35,17.25,15.81
2023-04-20 13:24:13,15.25,14.43,14.31,17.31,15.81
2023-04-20 13:25:13,15.25,14.43,14.3,17.36,15.8
2023-04-20 13:26:13,15.24,14.44,14.29,17.5,15.75
2023-04-20 13:27:13,15.24,14.48,14.29,17.49,15.72
2023-04-20 13:28:13,15.24,14.49,14.31,17.48,15.68
2023-04-20 13:29:13,15.23,14.49,14.34,17.36,15.66
2023-04-20 13:30:13,15.21,14.48,14.39,17.34,15.7
2023-04-20 13:31:13,15.21,14.48,14.42,17.32,15.7
2023-04-20 13:32:13,15.24,14.52,14.41,17.35,15.73
2023-04-20 13:33:13,15.23,14.53,14.41,17.44,15.74
2023-04-20 13:34:13,15.25,14.51,14.42,17.36,15.72
2023-04-20 13:35:13,15.27,14.54,14.4,17.29,15.73
2023-04-20 13:36:13,15.23,14.53,14.34,17.26,15.78
2023-04-20 13:37:13,15.25,14.56,14.36,17.41,15.75
2023-04-20 13:38:13,15.24,14.54,14.33,17.37,15.74
2023-04-20 13:39:13,15.22,14.52,14.33,17.35,15.72
2023-04-20 13:40:13,15.32,14.47,14.38,17.21,15.74
2023-04-20 13:41:13,15.31,14.47,14.35,17.24,15.72
2023-04-20 13:42:13,15.28,14.42,14.38,17.25,15.73
2023-04-20 13:43:13,15.24,14.44,14.43,17.23,15.71
2023-04-20 13:44:13,15.2,14.45,14.43,17.3,15.7
2023-04-20 13:45:13,15.2,14.47,14.43,17.43,15.68
2023-04-20 13:46:13,15.2,14.52,14.42,17.37,15.62
2023-04-20 13:47:13,15.2,14.54,14.43,17.33,15.62
2023-04-20 13:48:13,15.23,14.56,14.45,17.38,15.65
2023-04-20 13:49:13,15.23,14.6,14.45,17.38,15.64
2023-04-20 13:50:13,15.27,14.62,14.46,17.38,15.66
2023-04-20 13:51:13,15.31,14.62,14.41,17.23,15.72
2023-04-20 13:52:13,15.31,14.59,14.4,17.15,15.73
2023-04-20 13:53:13,15.32,14.59,14.36,17.15,15.72
2023-04-20 13:54:13,15.3,14.55,14.33,17.27,15.72
2023-04-20 13:55:13,15.26,14.56,14.32,17.15,15.75
2023-04-20 13:56:13,15.25,14.59,14.32,17.03,15.75
2023-04-20 13:57:13,15.23,14.56,14.36,17.06,15.77
2023-04-20 13:58:13,15.21,14.54,14.33,17.04,15.76
2023-04-20 13:59:13,15.2,14.51,14.36,17.1,15.71
2023-04-20 14:00:13,15.18,14.46,14.39,17.11,15.72
2023-04-20 14:01:13,15.21,14.45,14.37,17.07,15.74
2023-04-20 14:02:13,15.23,14.45,14.35,17.1,15.78
2023-04-20 14:03:13,15.23,14.4,14.32,17.08,15.71
2023-04-20 14:04:13,15.25,14.41,14.35,17.11,15.67
2023-04-20 14:05:13,15.2,14.4,14.29,17.11,15.68
2023-04-20 14:06:13,15.18,14.48,14.29,17.03,15.68
2023-04-20 14:07:13,15.17,14.5,14.3,17.01,15.68
2023-04-20 14:08:13,15.18,14.48,14.29,17.09,15.67
2023-04-20 14:09:13,15.15,14.44,14.29,17.15,15.7
2023-04-20 14:10:13,15.16,14.44,14.3,17.15,15.72
2023-04-20 14:11:13,15.12,14.45,14.28,17.17,15.69
2023-04-20 14:12:13,15.07,14.36,14.27,17.09,15.7
2023-04-20 14:13:13,15.03,14.28,14.3,17.1,15.65
2023-04-20 14:14:13,15.03,14.24,14.3,17.05,15.64
2023-04-20 14:15:13,15.01,14.26,14.3,17.11,15.66
2023-04-20 14:16:13,14.99,14.32,14.3,17.05,15.65
2023-04-20 14:17:13,15.02,14.35,14.29,17.05,15.64
2023-04-20 14:18:13,15.07,14.36,14.28,17.08,15.64
2023-04-20 14:19:13,15.08,14.36,14.3,16.97,15.65
2023-04-20 14:20:13,15.11,14.38,14.31,16.99,15.6
2023-04-20 14:21:13,15.06,14.34,14.31,16.92,15.64
2023-04-20 14:22:13,15.08,14.33,14.3,16.85,15.66
2023-04-20 14:23:13,15.08,14.33,14.27,16.83,15.67
2023-04-20 14:24:13,15.07,14.35,14.28,16.84,15.71
2023-04-20 14:25:13,15.04,14.38,14.26,16.83,15.71
2023-04-20 14:26:13,15.03,14.37,14.24,16.82,15.75
2023-04-20 14:27:13,15.03,14.38,14.25,16.82,15.73
2023-04-20 14:28:13,15.03,14.38,14.24,16.84,15.65
2023-04-20 14:29:13,15.05,14.37,14.24,16.79,15.61
2023-04-20 14:30:13,15.04,14.35,14.23,16.8,15.66
2023-04-20 14:31:13,15.03,14.33,14.27,16.84,15.71
2023-04-20 14:32:13,15.01,14.31,14.28,16.9,15.7
2023-04-20 14:33:13,15.0,14.28,14.23,16.99,15.67
2023-04-20 14:34:13,14.99,14.28,14.25,16.91,15.7
2023-04-20 14:35:13,14.96,14.29,14.24,17.03,15.68
2023-04-20 14:36:13,14.93,14.32,14.2,16.9,15.68
2023-04-20 14:37:13,14.92,14.33,14.22,17.01,15.68
2023-04-20 14:38:13,14.94,14.3,14.2,17.02,15.63
2023-04-20 14:39:13,14.96,14.33,14.15,17.01,15.62
2023-04-20 14:40:13,14.93,14.34,14.16,16.99,15.59
2023-04-20 14:41:13,15.0,14.34,14.18,16.93,15.56
2023-04-20 14:42:13,15.1,14.34,14.19,17.02,15.54
2023-04-20 14:43:13,15.08,14.38,14.19,17.02,15.52
2023-04-20 14:44:13,15.09,14.34,14.2,17.04,15.53
2023-04-20 14:45:13,15.13,14.29,14.18,17.09,15.57
2023-04-20 14:46:13,15.13,14.3,14.22,17.11,15.59
2023-04-20 14:47:13,15.15,14.29,14.2,16.99,15.58
2023-04-20 14:48:13,15.16,14.29,14.18,16.99,15.56
2023-04-20 14:49:13,15.16,14.33,14.18,17.05,15.55
2023-04-20 14:50:13,15.15,14.31,14.21,17.03,15.53
2023-04-20 14:51:13,15.07,14.29,14.2,17.04,15.53
2023-04-20 14:52:13,15.09,14.32,14.26,16.95,15.52
2023-04-20 14:53:13,15.08,14.29,14.29,16.83,15.52
2023-04-20 14:54:13,15.07,14.27,14.32,16.83,15.57
2023-04-20 14:55:13,15.01,14.21,14.27,16.96,15.58
2023-04-20 14:56:13,15.0,14.2,14.26,17.08,15.62
2023-04-20 15:00:00,,,,,
2023-04-21 09:30:00,15.24,14.37,14.42,17.06,14.81
2023-04-21 09:31:47,15.28,14.32,14.32,16.81,14.72
2023-04-21 09:32:47,15.21,14.3,14.27,16.79,14.76
2023-04-21 09:33:47,15.15,14.28,14.31,16.71,14.8
2023-04-21 09:34:47,15.12,14.23,14.29,16.92,14.76
2023-04-21 09:35:47,14.98,14.18,14.29,16.81,14.77
2023-04-21 09:36:47,14.99,14.2,14.32,16.64,14.76
2023-04-21 09:37:47,14.97,14.17,14.37,16.76,14.76
2023-04-21 09:38:47,15.0,14.16,14.31,16.63,14.77
2023-04-21 09:39:47,14.89,14.14,14.23,16.66,14.81
2023-04-21 09:40:47,14.9,14.16,14.24,16.66,14.76
2023-04-21 09:41:47,14.99,14.12,14.32,16.57,14.7
2023-04-21 09:42:47,14.94,14.16,14.29,16.62,14.66
2023-04-21 09:43:47,14.93,14.14,14.33,16.5,14.71
2023-04-21 09:44:47,14.98,14.13,14.31,16.45,14.68
2023-04-21 09:45:47,14.95,14.14,14.36,16.45,14.79
2023-04-21 09:46:47,14.84,14.16,14.25,16.54,14.81
2023-04-21 09:47:47,14.85,14.15,14.35,16.68,14.76
2023-04-21 09:48:47,14.87,14.12,14.25,16.7,14.79
2023-04-21 09:49:47,14.86,14.05,14.23,16.6,14.82
2023-04-21 09:50:47,14.76,14.04,14.27,16.58,14.81
2023-04-21 09:51:47,14.86,14.07,14.24,16.66,14.81
2023-04-21 09:52:47,14.87,14.15,14.25,16.54,14.91
2023-04-21 09:53:47,14.93,14.17,14.26,16.59,14.94
2023-04-21 09:54:47,14.88,14.16,14.29,16.53,14.93
2023-04-21 09:55:47,14.84,14.16,14.33,16.53,14.89
2023-04-21 09:56:47,14.81,14.1,14.27,16.67,14.79
2023-04-21 09:57:47,14.8,14.1,14.29,16.71,14.75
2023-04-21 09:58:47,14.77,14.09,14.26,16.76,14.75
2023-04-21 09:59:47,14.8,14.11,14.25,16.76,14.79
2023-04-21 10:00:47,14.81,14.11,14.24,16.63,14.78
2023-04-21 10:01:47,14.85,14.1,14.24,16.54,14.78
2023-04-21 10:02:47,14.84,14.12,14.22,16.58,14.81
2023-04-21 10:03:47,14.86,14.13,14.24,16.65,14.79
2023-04-21 10:04:47,14.88,14.16,14.25,16.67,14.78
2023-04-21 10:05:47,14.87,14.12,14.26,16.72,14.79
2023-04-21 10:06:47,14.88,14.07,14.36,16.73,14.78
2023-04-21 10:07:47,14.91,14.02,14.34,16.63,14.8
2023-04-21 10:08:47,14.94,14.07,14.33,16.63,14.81
2023-04-21 10:09:47,14.94,14.11,14.29,16.56,14.79
2023-04-21 10:10:47,14.93,14.12,14.29,16.63,14.79
2023-04-21 10:11:47,14.91,14.07,14.26,16.68,14.76
2023-04-21 10:12:47,14.88,14.03,14.28,16.76,14.76
2023-04-21 10:13:47,14.82,14.06,14.3,16.71,14.76
2023-04-21 10:14:47,14.82,14.04,14.31,16.7,14.78
2023-04-21 10:15:47,14.84,14.06,14.37,16.75,14.78
2023-04-21 10:16:47,14.89,14.09,14.36,16.7,14.81
2023-04-21 10:17:47,14.92,14.11,14.31,16.61,14.85
2023-04-21 10:18:47,14.9,14.12,14.31,16.61,14.82
2023-04-21 10:19:47,14.83,14.1,14.34,16.61,14.75
2023-04-21 10:20:47,14.84,14.1,14.37,16.58,14.77
2023-04-21 10:21:47,14.88,14.14,14.4,16.69,14.77
2023-04-21 10:22:47,14.84,14.15,14.39,16.81,14.75
2023-04-21 10:23:47,14.88,14.13,14.33,16.72,14.7
2023-04-21 10:24:47,14.88,14.08,14.26,16.75,14.7
2023-04-21 10:25:47,14.9,14.05,14.22,16.77,14.72
2023-04-21 10:26:47,14.89,14.07,14.23,16.62,14.73
2023-04-21 10:27:47,14.89,14.12,14.32,16.69,14.74
2023-04-21 10:28:47,14.9,14.1,14.25,16.79,14.7
2023-04-21 10:29:47,14.9,14.09,14.37,16.78,14.67
2023-04-21 10:30:47,14.9,14.06,14.41,16.76,14.56
2023-04-21 10:31:47,14.89,14.07,14.38,16.72,14.64
2023-04-21 10:32:47,14.89,14.12,14.41,16.79,14.66
2023-04-21 10:33:47,14.88,14.09,14.23,16.8,14.53
2023-04-21 10:34:47,14.9,14.08,14.17,16.77,14.41
2023-04-21 10:35:47,14.89,14.06,14.19,16.71,14.38
2023-04-21 10:36:47,14.95,14.11,14.39,16.77,14.41
2023-04-21 10:37:47,14.93,14.13,14.29,16.89,14.53
2023-04-21 10:38:47,14.97,14.12,14.33,16.83,14.53
2023-04-21 10:39:47,14.95,14.16,14.31,16.74,14.54
2023-04-21 10:40:47,14.97,14.14,14.24,16.86,14.58
2023-04-21 10:41:47,14.95,14.15,14.24,16.78,14.57
2023-04-21 10:42:47,14.98,14.15,14.27,16.72,14.57
2023-04-21 10:43:47,14.97,14.18,14.32,16.89,14.62
2023-04-21 10:44:47,14.95,14.2,14.36,16.88,14.61
2023-04-21 10:45:47,14.92,14.2,14.37,16.82,14.62
2023-04-21 10:46:47,14.94,14.16,14.42,16.9,14.57
2023-04-21 10:47:47,14.92,14.16,14.38,16.93,14.51
2023-04-21 10:48:47,14.9,14.18,14.46,17.01,14.49
2023-04-21 10:49:47,14.91,14.19,14.43,17.01,14.54
2023-04-21 10:50:47,14.92,14.22,14.39,17.0,14.6
2023-04-21 10:51:47,14.9,14.23,14.44,17.01,14.61
2023-04-21 10:52:47,14.93,14.21,14.45,17.0,14.59
2023-04-21 10:53:47,14.95,14.25,14.45,16.93,14.61
2023-04-21 10:54:47,14.9,14.26,14.52,16.97,14.64
2023-04-21 10:55:47,14.91,14.27,14.46,16.97,14.65
2023-04-21 10:56:47,14.91,14.27,14.42,16.97,14.67
2023-04-21 10:57:47,14.91,14.29,14.44,17.01,14.69
2023-04-21 10:58:47,14.95,14.31,14.49,17.07,14.73
2023-04-21 10:59:47,14.95,14.3,14.52,17.02,14.7
2023-04-21 11:00:47,14.88,14.31,14.52,17.07,14.64
2023-04-21 11:01:47,14.85,14.28,14.48,17.13,14.74
2023-04-21 11:02:47,14.85,14.29,14.5,17.11,14.77
2023-04-21 11:03:47,14.86,14.29,14.58,17.1,14.78
2023-04-21 11:04:47,14.88,14.27,14.55,17.06,14.8
2023-04-21 11:05:47,14.86,14.2,14.58,17.09,14.74
2023-04-21 11:06:47,14.87,14.22,14.57,17.03,14.73
2023-04-21 11:07:47,14.85,14.28,14.62,17.0,14.7
2023-04-21 11:08:47,14.84,14.27,14.6,17.05,14.83
2023-04-21 11:09:47,14.87,14.27,14.56,17.11,14.84
2023-04-21 11:10:47,14.92,14.22,14.49,17.09,14.75
2023-04-21 11:11:47,14.94,14.26,14.51,17.09,14.71
2023-04-21 11:12:47,14.96,14.26,14.53,17.13,14.69
2023-04-21 11:13:47,14.99,14.25,14.53,17.12,14.7
2023-04-21 11:14:47,14.97,14.24,14.56,17.03,14.71
2023-04-21 11:15:47,14.96,14.26,14.61,16.98,14.8
2023-04-21 11:16:47,14.97,14.27,14.62,16.95,14.8
2023-04-21 11:17:47,14.99,14.26,14.54,17.01,14.78
2023-04-21 11:18:47,15.0,14.26,14.56,17.04,14.66
2023-04-21 11:19:47,14.97,14.26,14.6,16.92,14.66
2023-04-21 11:20:47,14.98,14.33,14.63,16.99,14.67
2023-04-21 11:21:47,14.99,14.34,14.61,17.07,14.64
2023-04-21 11:22:47,15.07,14.28,14.68,17.17,14.74
2023-04-21 11:23:47,15.06,14.34,14.73,17.16,14.72
2023-04-21 11:24:47,15.09,14.43,14.8,17.19,14.73
2023-04-21 11:25:47,15.14,14.45,14.81,17.25,14.64
2023-04-21 11:26:47,15.19,14.49,14.78,17.25,14.59
2023-04-21 11:27:47,15.22,14.59,14.78,17.38,14.69
2023-04-21 11:28:47,15.27,14.66,14.84,17.57,14.84
2023-04-21 11:30:00,15.35,14.69,14.88,17.61,14.92
2023-04-21 11:30:47,15.33,14.68,14.92,17.59,14.88
2023-04-21 13:00:09,15.34,14.69,14.93,17.61,14.9
2023-04-21 13:01:09,15.51,14.71,14.97,17.62,14.94
2023-04-21 13:02:09,15.51,14.77,15.14,17.53,15.0
2023-04-21 13:03:09,15.39,14.76,15.22,17.46,14.99
2023-04-21 13:04:09,15.42,14.8,15.22,17.53,15.03
2023-04-21 13:05:09,15.49,14.82,15.18,17.61,14.94
2023-04-21 13:06:09,15.49,14.75,15.12,17.72,14.88
2023-04-21 13:07:09,15.47,14.81,15.25,17.77,14.95
2023-04-21 13:08:09,15.43,14.72,15.13,17.66,14.96
2023-04-21 13:09:09,15.4,14.8,15.1,17.5,14.96
2023-04-21 13:10:09,15.45,14.82,15.22,17.4,15.0
2023-04-21 13:11:09,15.49,14.79,15.25,17.67,15.06
2023-04-21 13:12:09,15.52,14.79,15.35,17.83,15.13
2023-04-21 13:13:09,15.53,14.95,15.5,18.11,15.17
2023-04-21 13:14:09,15.65,14.96,15.51,17.94,15.26
2023-04-21 13:15:09,15.67,14.97,15.57,17.87,15.3
2023-04-21 13:16:09,15.68,14.99,15.55,17.82,15.28
2023-04-21 13:17:09,15.63,14.97,15.53,17.78,15.28
2023-04-21 13:18:09,15.53,14.97,15.41,17.76,15.25
2023-04-21 13:19:09,15.55,14.88,15.44,17.84,15.17
2023-04-21 13:20:09,15.62,14.88,15.48,17.71,15.16
2023-04-21 13:21:09,15.71,14.97,15.46,17.71,15.21
2023-04-21 13:22:09,15.76,14.97,15.49,17.84,15.33
2023-04-21 13:23:09,15.61,14.92,15.36,17.66,15.36
2023-04-21 13:24:09,15.55,14.82,15.3,17.59,15.14
2023-04-21 13:25:09,15.62,14.85,15.47,17.82,15.19
2023-04-21 13:26:09,15.7,14.94,15.49,17.74,15.3
2023-04-21 13:27:09,15.62,14.94,15.48,17.77,15.31
2023-04-21 13:28:09,15.57,14.96,15.56,17.69,15.36
2023-04-21 13:29:09,15.54,14.97,15.67,17.72,15.34
2023-04-21 13:30:09,15.56,14.98,15.68,17.82,15.36
2023-04-21 13:31:09,15.63,14.97,15.9,17.79,15.46
2023-04-21 13:32:09,15.58,14.94,16.06,17.73,15.52
2023-04-21 13:33:09,15.53,15.01,16.23,17.86,15.62
2023-04-21 13:34:09,15.54,14.98,16.21,17.88,15.6
2023-04-21 13:35:09,15.68,15.09,16.24,18.02,15.56
2023-04-21 13:36:09,15.71,15.17,16.26,17.97,15.55
2023-04-21 13:37:09,15.66,15.16,16.19,17.97,15.54
2023-04-21 13:38:09,15.62,15.13,16.04,17.86,15.53
2023-04-21 13:39:09,15.69,15.18,16.03,17.95,15.58
2023-04-21 13:40:09,15.7,15.17,15.93,18.09,15.57
2023-04-21 13:41:09,15.72,15.08,15.76,18.1,15.47
2023-04-21 13:42:09,15.84,15.17,15.94,18.35,15.56
2023-04-21 13:43:09,15.95,15.22,16.04,18.36,15.63
2023-04-21 13:44:09,15.95,15.26,16.09,18.35,15.72
2023-04-21 13:45:09,15.89,15.24,16.09,18.34,15.68
2023-04-21 13:46:09,15.79,15.22,16.13,18.3,15.68
2023-04-21 13:47:09,15.79,15.18,15.96,18.16,15.64
2023-04-21 13:48:09,15.8,15.1,15.79,18.1,15.54
2023-04-21 13:49:09,15.83,15.07,15.71,18.04,15.43
2023-04-21 13:50:09,15.9,15.12,15.74,18.08,15.34
2023-04-21 13:51:09,15.84,15.08,15.67,18.18,15.36
2023-04-21 13:52:09,15.69,15.13,15.74,18.11,15.37
2023-04-21 13:53:09,15.61,15.06,15.69,18.1,15.32
2023-04-21 13:54:09,15.56,15.03,15.71,18.15,15.3
2023-04-21 13:55:09,15.46,14.97,15.58,17.99,15.2
2023-04-21 13:56:09,15.39,14.84,15.44,17.75,15.16
2023-04-21 13:57:09,15.45,14.87,15.49,17.9,15.12
2023-04-21 13:58:09,15.45,14.82,15.45,18.0,15.12
2023-04-21 13:59:09,15.46,14.83,15.45,17.99,15.11
2023-04-21 14:00:09,15.46,14.86,15.41,17.86,15.08
2023-04-21 14:01:09,15.5,14.95,15.42,17.89,15.09
2023-04-21 14:02:09,15.42,14.92,15.42,17.78,15.11
2023-04-21 14:03:09,15.27,14.83,15.37,17.76,15.05
2023-04-21 14:04:09,15.26,14.81,15.27,17.71,15.01
2023-04-21 14:05:09,15.43,14.85,15.27,17.84,14.98
2023-04-21 14:06:09,15.48,14.86,15.31,17.8,15.0
2023-04-21 14:07:09,15.55,14.85,15.28,17.85,14.99
2023-04-21 14:08:09,15.57,14.89,15.3,17.88,15.05
2023-04-21 14:09:09,15.6,14.94,15.36,17.86,15.07
2023-04-21 14:10:09,15.65,15.04,15.38,18.09,15.16
2023-04-21 14:11:09,15.7,15.16,15.5,18.23,15.26
2023-04-21 14:12:09,15.66,15.18,15.55,18.32,15.32
2023-04-21 14:13:09,15.68,15.19,15.63,18.46,15.38
2023-04-21 14:14:09,15.66,15.12,15.56,18.4,15.36
2023-04-21 14:15:09,15.72,15.17,15.56,18.62,15.33
2023-04-21 14:16:09,15.73,15.24,15.65,18.87,15.36
2023-04-21 14:17:09,15.73,15.25,15.67,18.72,15.39
2023-04-21 14:18:09,15.67,15.24,15.67,18.57,15.38
2023-04-21 14:19:09,15.68,15.22,15.68,18.47,15.4
2023-04-21 14:20:09,15.74,15.19,15.59,18.48,15.36
2023-04-21 14:21:09,15.71,15.11,15.52,18.23,15.34
2023-04-21 14:22:09,15.66,15.08,15.44,18.14,15.3
2023-04-21 14:23:09,15.65,15.06,15.37,18.06,15.27
2023-04-21 14:24:09,15.61,15.0,15.36,18.06,15.26
2023-04-21 14:25:09,15.64,15.07,15.35,18.22,15.29
2023-04-21 14:26:09,15.67,15.14,15.49,18.09,15.34
2023-04-21 14:27:09,15.63,15.06,15.5,18.0,15.39
2023-04-21 14:28:09,15.61,15.07,15.52,18.08,15.4
2023-04-21 14:29:09,15.69,15.17,15.56,18.25,15.4
2023-04-21 14:30:09,15.69,15.18,15.62,18.24,15.28
2023-04-21 14:31:09,15.67,15.15,15.69,18.13,15.33
2023-04-21 14:32:09,15.69,15.26,15.69,18.21,15.33
2023-04-21 14:33:09,15.7,15.18,15.65,18.03,15.34
2023-04-21 14:34:09,15.66,15.18,15.71,18.12,15.33
2023-04-21 14:35:09,15.66,15.18,15.75,18.19,15.26
2023-04-21 14:36:09,15.63,15.24,15.83,18.36,15.24
2023-04-21 14:37:09,15.67,15.28,15.88,18.32,15.21
2023-04-21 14:38:09,15.75,15.32,15.89,18.15,15.32
2023-04-21 14:39:09,15.7,15.23,15.82,18.0,15.37
2023-04-21 14:40:09,15.75,15.17,15.8,17.94,15.4
2023-04-21 14:41:09,15.81,15.21,15.82,17.96,15.44
2023-04-21 14:42:09,15.79,15.31,15.89,18.05,15.47
2023-04-21 14:43:09,15.8,15.29,15.97,18.12,15.42
2023-04-21 14:44:09,15.82,15.44,16.02,18.23,15.52
2023-04-21 14:45:09,15.79,15.49,15.99,18.26,15.49
2023-04-21 14:46:09,15.83,15.44,15.98,18.1,15.42
2023-04-21 14:47:09,15.85,15.46,16.03,18.06,15.4
2023-04-21 14:48:09,15.81,15.48,16.11,18.08,15.4
2023-04-21 14:49:09,15.83,15.44,16.08,17.99,15.43
2023-04-21 14:50:09,15.9,15.43,16.06,17.92,15.48
2023-04-21 14:51:09,15.91,15.31,16.06,17.99,15.49
2023-04-21 14:52:09,15.98,15.39,16.02,18.18,15.52
2023-04-21 14:53:09,16.15,15.53,16.12,18.3,15.55
2023-04-21 14:54:09,15.9,15.49,16.08,18.41,15.59
2023-04-21 14:55:09,15.95,15.49,16.08,18.37,15.56
2023-04-21 14:56:09,15.91,15.52,16.02,18.36,15.59
2023-04-21 15:00:00,,,,,
